"Date Opened","Time Opened","Opening Price","Legs","Premium","Closing Price","Date Closed","Time Closed","Days in Trade","Avg. Closing Cost","Reason For Close","P/L","P/L %","No. of Contracts","Funds at Close","Margin Req.","Underlying","Strategy","Opening Commissions + Fees","Opening Short/Long Ratio","Closing Short/Long Ratio","Opening VIX","Closing VIX","Gap","Movement","Max Profit","Max Loss"
"2026-09-03","11:53:00",7748.45,"3 Sep 3 7745 P BTO 7.65 | 3 Sep 3 7750 C BTO 8.55 | 3 Sep 3 7785 C STO 0.75 | 3 Sep 3 7715 P STO 1.65",-1390,7747.71,"2026-09-03","16:00:00",0,0,"Expired",-4185,-100.35971223021582,3,265593,4170,"SPX","*SPX RIC--0 DTE--Daily--v2.1",15,0.148,1,14.72,14.23,20.11,61.74,0,-100
"2026-09-02","09:45:00",7643.83,"3 Sep 2 7635 P BTO 7.20 | 3 Sep 2 7645 C BTO 10.65 | 3 Sep 2 7680 C STO 1.25 | 3 Sep 2 7610 P STO 2.30",-1440,7666.6,"2026-09-02","16:00:00",0,-2160,"Expired",2145,49.65277777777778,3,269778,4320,"SPX","*SPX RIC--0 DTE--Daily--v2.1",15,0.199,0.005,15.9,15.28,3.11,9.25,95.83,-9.03
"2026-08-28","10:39:00",7743.04,"3 Aug 28 7735 P BTO 8.55 | 3 Aug 28 7745 C BTO 11.35 | 3 Aug 28 7780 C STO 1.30 | 3 Aug 28 7710 P STO 3.15",-1555,7711.76,"2026-08-28","16:00:00",0,-2324,"Expired",2292,49.131832797427656,3,267633,4665,"SPX","*SPX RIC--0 DTE--Daily--v2.1",15,0.224,0.011,14.24,14.36,4.18,7.87,54.98,-23.15
"2026-08-27","10:04:00",7707.89,"3 Aug 27 7700 P BTO 9.70 | 3 Aug 27 7710 C BTO 11.25 | 3 Aug 27 7745 C STO 1.50 | 3 Aug 27 7675 P STO 3.65",-1590,7730.99,"2026-08-27","16:00:00",0,-2099,"Expired",1512,31.69811320754717,3,265341,4770,"SPX","*SPX RIC--0 DTE--Daily--v2.1",15,0.246,0.005,14.76,14.5,34.64,-2.45,74.21,-50.94
"2026-08-21","11:23:00",7676.47,"4 Aug 21 7670 P BTO 5.45 | 4 Aug 21 7675 C BTO 9.15 | 4 Aug 21 7710 C STO 0.55 | 4 Aug 21 7640 P STO 0.95",-1320,7674.37,"2026-08-21","16:00:00",0,0,"Expired",-5300,-100.37878787878789,4,263829,5280,"SPX","*SPX RIC--0 DTE--Daily--v2.1",20,0.103,0.222,15.25,15.16,24.52,10.79,64.39,-100
"2026-08-19","12:04:00",7731.25,"4 Aug 19 7725 P BTO 5.35 | 4 Aug 19 7730 C BTO 8.25 | 4 Aug 19 7765 C STO 0.45 | 4 Aug 19 7695 P STO 0.80",-1245,7707.98,"2026-08-19","16:00:00",0,-1702,"Expired",1808,36.30522088353413,4,269129,4980,"SPX","*SPX RIC--0 DTE--Daily--v2.1",20,0.092,0.006,15.11,14.77,24.98,14.51,79.52,-53.01
"2026-08-12","10:19:00",7752.3,"3 Aug 12 7745 P BTO 8.65 | 3 Aug 12 7755 C BTO 10.35 | 3 Aug 12 7785 C STO 1.90 | 3 Aug 12 7715 P STO 2.25",-1495,7748.5,"2026-08-12","16:00:00",0,0,"Expired",-4500,-100.33444816053512,3,267321,4485,"SPX","*SPX RIC--0 DTE--Daily--v2.1",15,0.218,1,14.76,14.45,37.26,-13.16,0,-100
"2026-07-30","12:14:00",7414.04,"3 Jul 30 7405 P BTO 9.35 | 3 Jul 30 7415 C BTO 11.40 | 3 Jul 30 7450 C STO 1.25 | 3 Jul 30 7380 P STO 3.95",-1565,7437.63,"2026-07-30","16:00:00",0,-2263,"Expired",2079,44.281150159744406,3,271821,4695,"SPX","*SPX RIC--0 DTE--Daily--v2.1",15,0.251,0.005,18.16,17.5,74.3,23.59,85.3,-16.93
"2026-07-21","10:27:00",7489.99,"3 Jul 21 7480 P BTO 8.55 | 3 Jul 21 7490 C BTO 11.35 | 3 Jul 21 7525 C STO 0.90 | 3 Jul 21 7455 P STO 3.35",-1575,7509.2,"2026-07-21","16:00:00",0,-1920,"Expired",1020,21.58730158730159,3,269742,4725,"SPX","*SPX RIC--0 DTE--Daily--v2.1",15,0.214,0.005,17.43,16.93,46.67,0.04,55.56,-8.89
"2026-07-20","12:07:00",7491.93,"3 Jul 20 7485 P BTO 7.05 | 3 Jul 20 7490 C BTO 9.85 | 3 Jul 20 7525 C STO 0.65 | 3 Jul 20 7455 P STO 1.55",-1480,7443.28,"2026-07-20","16:00:00",0,-3000,"Expired",4545,102.36486486486487,3,268722,4440,"SPX","*SPX RIC--0 DTE--Daily--v2.1",15,0.13,0.286,17.54,18.5,31.49,2.75,103.04,-23.65
"2026-07-15","10:17:00",7579.22,"4 Jul 15 7570 P BTO 7.05 | 4 Jul 15 7580 C BTO 9.15 | 4 Jul 15 7615 C STO 0.50 | 4 Jul 15 7545 P STO 2.40",-1340,7572.4,"2026-07-15","16:00:00",0,0,"Expired",-5380,-100.37313432835822,4,264177,5360,"SPX","*SPX RIC--0 DTE--Daily--v2.1",20,0.179,0.5,15.91,15.65,28.13,7.5,66.79,-100
"2026-07-14","10:56:00",7542.92,"3 Jul 14 7535 P BTO 8.95 | 3 Jul 14 7545 C BTO 10.95 | 3 Jul 14 7580 C STO 1.15 | 3 Jul 14 7510 P STO 3.25",-1560,7543.59,"2026-07-14","16:00:00",0,0,"Expired",-4695,-100.32051282051282,3,269557,4680,"SPX","*SPX RIC--0 DTE--Daily--v2.1",15,0.221,0.167,16.39,16.42,21.36,6.22,16.03,-100
"2026-07-10","09:53:00",7557.7,"3 Jul 10 7550 P BTO 9.25 | 3 Jul 10 7560 C BTO 10.30 | 3 Jul 10 7595 C STO 0.95 | 3 Jul 10 7525 P STO 3.55",-1515,7575.39,"2026-07-10","16:00:00",0,-1539,"Expired",57,1.2541254125412542,3,274252,4545,"SPX","*SPX RIC--0 DTE--Daily--v2.1",15,0.23,0.006,15.52,15.03,4,10.06,32.34,-46.53
"2026-07-02","10:03:00",7538.4,"3 Jul 2 7530 P BTO 9.85 | 3 Jul 2 7540 C BTO 11.20 | 3 Jul 2 7575 C STO 1.30 | 3 Jul 2 7505 P STO 4.30",-1555,7483.24,"2026-07-02","16:00:00",0,-2500,"Expired",2820,60.45016077170418,3,274195,4665,"SPX","*SPX RIC--0 DTE--Daily--v2.1",15,0.266,0.47,15.84,16.12,11.91,43.26,64.63,-6.75
"2026-06-24","11:38:00",7422.45,"3 Jun 24 7415 P BTO 9.00 | 3 Jun 24 7425 C BTO 11.25 | 3 Jun 24 7455 C STO 1.65 | 3 Jun 24 7385 P STO 2.75",-1595,7358.22,"2026-06-24","16:00:00",0,-3000,"Expired",4200,87.7742946708464,3,271375,4785,"SPX","*SPX RIC--0 DTE--Daily--v2.1",15,0.217,0.476,18.15,19.5,5.42,51.57,88.09,-13.17
"2026-06-16","09:47:00",7562.52,"3 Jun 16 7555 P BTO 10.00 | 3 Jun 16 7565 C BTO 11.75 | 3 Jun 16 7600 C STO 2.35 | 3 Jun 16 7530 P STO 3.90",-1560,7511.35,"2026-06-16","16:00:00",0,-2500,"Expired",2805,59.93589743589743,3,267175,4680,"SPX","*SPX RIC--0 DTE--Daily--v2.1",15,0.287,0.426,15.95,16.26,-5.51,13.74,60.26,-26.6
"2026-06-08","12:16:00",7448.68,"3 Jun 8 7440 P BTO 9.20 | 3 Jun 8 7450 C BTO 11.70 | 3 Jun 8 7485 C STO 1.85 | 3 Jun 8 7415 P STO 3.35",-1580,7405.73,"2026-06-08","16:00:00",0,-2500,"Expired",2745,57.91139240506329,3,264370,4740,"SPX","*SPX RIC--0 DTE--Daily--v2.1",15,0.249,0.271,18.27,18.72,56.83,8.11,58.54,-39.56
"2026-05-29","09:51:00",7593.34,"3 May 29 7585 P BTO 10.20 | 3 May 29 7595 C BTO 11.25 | 3 May 29 7630 C STO 1.45 | 3 May 29 7560 P STO 4.25",-1585,7580.06,"2026-05-29","16:00:00",0,-494,"Expired",-3288,-69.14826498422713,3,261625,4755,"SPX","*SPX RIC--0 DTE--Daily--v2.1",15,0.266,0.022,15.54,15.34,15.7,14.01,4.1,-88.33
"2026-05-27","12:24:00",7514.6,"3 May 27 7510 P BTO 7.35 | 3 May 27 7515 C BTO 9.15 | 3 May 27 7550 C STO 0.90 | 3 May 27 7480 P STO 1.30",-1440,7520.36,"2026-05-27","16:00:00",0,-536,"Expired",-2727,-63.125,3,264913,4320,"SPX","*SPX RIC--0 DTE--Daily--v2.1",15,0.133,0.018,16.81,16.32,6.89,-11.41,3.47,-66.67
"2026-05-07","10:22:00",7372.72,"3 May 7 7365 P BTO 8.10 | 3 May 7 7375 C BTO 9.15 | 3 May 7 7410 C STO 1.10 | 3 May 7 7340 P STO 2.90",-1335,7337.11,"2026-05-07","16:00:00",0,-2500,"Expired",3480,86.89138576779027,3,267640,4005,"SPX","*SPX RIC--0 DTE--Daily--v2.1",15,0.232,0.12,17.14,17.07,11.66,-4.06,88.01,-12.73
"2026-05-01","09:54:00",7248.23,"3 May 1 7240 P BTO 8.45 | 3 May 1 7250 C BTO 10.55 | 3 May 1 7285 C STO 1.05 | 3 May 1 7215 P STO 3.35",-1470,7230.12,"2026-05-01","16:00:00",0,-988,"Expired",-1461,-33.12925170068027,3,264160,4410,"SPX","*SPX RIC--0 DTE--Daily--v2.1",15,0.232,0.009,16.58,16.98,25.53,13.69,54.76,-90.48
"2026-04-30","11:02:00",7167.52,"3 Apr 30 7160 P BTO 10.05 | 3 Apr 30 7170 C BTO 11.25 | 3 Apr 30 7205 C STO 1.40 | 3 Apr 30 7135 P STO 4.15",-1585,7209.01,"2026-04-30","16:00:00",0,-3500,"Expired",5730,120.50473186119875,3,265621,4755,"SPX","*SPX RIC--0 DTE--Daily--v2.1",15,0.261,0.119,17.38,17.03,25.8,5.77,120.82,-28.71
"2026-04-24","10:45:00",7133.59,"3 Apr 24 7125 P BTO 9.10 | 3 Apr 24 7135 C BTO 11.55 | 3 Apr 24 7170 C STO 1.40 | 3 Apr 24 7100 P STO 3.75",-1560,7165.08,"2026-04-24","16:00:00",0,-3008,"Expired",4329,92.5,3,259891,4680,"SPX","*SPX RIC--0 DTE--Daily--v2.1",15,0.249,0.003,18.76,18.65,28.08,-2.89,101.28,-4.17
"2026-04-17","11:16:00",7128.48,"3 Apr 17 7120 P BTO 9.75 | 3 Apr 17 7130 C BTO 12.30 | 3 Apr 17 7160 C STO 2.80 | 3 Apr 17 7095 P STO 4.05",-1530,7126.06,"2026-04-17","16:00:00",0,0,"Expired",-4605,-100.32679738562092,3,255562,4590,"SPX","*SPX RIC--0 DTE--Daily--v2.1",15,0.311,1,17.17,17.49,33.27,53.93,18.95,-100
"2026-04-15","10:16:00",6985.82,"3 Apr 15 6980 P BTO 8.90 | 3 Apr 15 6985 C BTO 10.60 | 3 Apr 15 7020 C STO 1.60 | 3 Apr 15 6950 P STO 2.65",-1535,7022.95,"2026-04-15","16:00:00",0,-3500,"Expired",5880,127.6872964169381,3,260167,4605,"SPX","*SPX RIC--0 DTE--Daily--v2.1",15,0.218,0.083,17.51,18.05,10.79,7.65,128.01,-10.75
"2026-04-14","10:10:00",6927.84,"3 Apr 14 6920 P BTO 7.75 | 3 Apr 14 6930 C BTO 9.50 | 3 Apr 14 6965 C STO 1.35 | 3 Apr 14 6895 P STO 2.85",-1315,6967.38,"2026-04-14","16:00:00",0,-3500,"Expired",6540,165.77946768060835,3,254287,3945,"SPX","*SPX RIC--0 DTE--Daily--v2.1",15,0.243,0.046,18.04,18.33,23.96,17.64,166.16,-1.52
"2026-04-01","11:42:00",6592.2,"3 Apr 1 6585 P BTO 10.15 | 3 Apr 1 6595 C BTO 11.35 | 3 Apr 1 6625 C STO 1.95 | 3 Apr 1 6555 P STO 3.70",-1595,6575.32,"2026-04-01","16:00:00",0,-968,"Expired",-1896,-39.62382445141066,3,247747,4785,"SPX","*SPX RIC--0 DTE--Daily--v2.1",15,0.263,0.01,23.99,24.53,28.04,35.64,16.3,-77.43
"2026-03-17","10:49:00",6743.16,"3 Mar 17 6735 P BTO 9.05 | 3 Mar 17 6745 C BTO 11.15 | 3 Mar 17 6780 C STO 0.95 | 3 Mar 17 6710 P STO 3.75",-1560,6716.09,"2026-03-17","16:00:00",0,-1891,"Expired",978,20.897435897435898,3,249643,4680,"SPX","*SPX RIC--0 DTE--Daily--v2.1",15,0.233,0.005,21.88,22.46,22.97,20.81,28.53,-48.4
"2026-03-16","11:40:00",6711.87,"3 Mar 16 6705 P BTO 10.55 | 3 Mar 16 6715 C BTO 10.95 | 3 Mar 16 6745 C STO 1.75 | 3 Mar 16 6675 P STO 3.85",-1600,6699.38,"2026-03-16","16:00:00",0,-562,"Expired",-3129,-65.1875,3,248665,4800,"SPX","*SPX RIC--0 DTE--Daily--v2.1",15,0.26,0.02,23.59,23.75,42.18,37.5,18.12,-64.88
"2026-03-10","12:17:00",6817.5,"3 Mar 10 6810 P BTO 9.90 | 3 Mar 10 6820 C BTO 11.40 | 3 Mar 10 6850 C STO 2.05 | 3 Mar 10 6785 P STO 4.05",-1530,6781.48,"2026-03-10","16:00:00",0,-2500,"Expired",2895,63.0718954248366,3,251794,4590,"SPX","*SPX RIC--0 DTE--Daily--v2.1",15,0.286,0.137,23.03,25.52,0.57,20.94,63.4,-34.64
"2026-03-04","11:03:00",6877.62,"3 Mar 4 6870 P BTO 9.85 | 3 Mar 4 6880 C BTO 11.30 | 3 Mar 4 6915 C STO 1.10 | 3 Mar 4 6845 P STO 4.15",-1600,6869.5,"2026-03-04","16:00:00",0,-50,"Expired",-4665,-97.1875,3,248899,4800,"SPX","*SPX RIC--0 DTE--Daily--v2.1",15,0.248,0.182,20.5,21.34,15.06,45.93,1.56,-97.5
"2026-02-25","10:33:00",6929.73,"3 Feb 25 6925 P BTO 7.55 | 3 Feb 25 6930 C BTO 8.85 | 3 Feb 25 6965 C STO 0.35 | 3 Feb 25 6895 P STO 2.00",-1415,6946.13,"2026-02-25","16:00:00",0,-1613,"Expired",579,13.63957597173145,3,253564,4245,"SPX","*SPX RIC--0 DTE--Daily--v2.1",15,0.143,0.006,18.54,17.96,25.08,14.58,50.53,-22.97
"2026-02-18","10:49:00",6904.16,"3 Feb 18 6895 P BTO 8.90 | 3 Feb 18 6905 C BTO 11.15 | 3 Feb 18 6940 C STO 0.85 | 3 Feb 18 6870 P STO 3.85",-1545,6881.31,"2026-02-18","16:00:00",0,-1369,"Expired",-543,-11.715210355987054,3,252985,4635,"SPX","*SPX RIC--0 DTE--Daily--v2.1",15,0.234,0.007,18.71,19.53,12.26,48.68,51.46,-58.25
"2026-02-06","11:35:00",6898.5,"3 Feb 6 6890 P BTO 9.35 | 3 Feb 6 6900 C BTO 11.45 | 3 Feb 6 6935 C STO 1.00 | 3 Feb 6 6865 P STO 4.05",-1585,6932.3,"2026-02-06","16:00:00",0,-3230,"Expired",4920,103.47003154574132,3,253528,4755,"SPX","*SPX RIC--0 DTE--Daily--v2.1",15,0.243,0.005,18.24,17.87,18.34,81.76,118.3,-14.83
"2026-01-27","09:53:00",6974.01,"3 Jan 27 6970 P BTO 7.85 | 3 Jan 27 6975 C BTO 7.95 | 3 Jan 27 7010 C STO 0.35 | 3 Jan 27 6940 P STO 2.25",-1330,6978.6,"2026-01-27","16:00:00",0,-360,"Expired",-2925,-73.30827067669173,3,248608,3990,"SPX","*SPX RIC--0 DTE--Daily--v2.1",15,0.165,0.026,15.93,16.2,15.73,8.05,21.43,-72.93
"2026-01-22","10:48:00",6918.03,"3 Jan 22 6910 P BTO 8.35 | 3 Jan 22 6920 C BTO 10.40 | 3 Jan 22 6955 C STO 0.85 | 3 Jan 22 6885 P STO 3.05",-1495,6913.35,"2026-01-22","16:00:00",0,0,"Expired",-4500,-100.33444816053512,3,251533,4485,"SPX","*SPX RIC--0 DTE--Daily--v2.1",15,0.208,1,15.72,15.61,38.82,3.59,13.71,-100
"2026-01-21","10:32:00",6858.06,"3 Jan 21 6850 P BTO 9.25 | 3 Jan 21 6860 C BTO 11.30 | 3 Jan 21 6895 C STO 0.90 | 3 Jan 21 6825 P STO 3.85",-1590,6875.62,"2026-01-21","16:00:00",0,-1562,"Expired",-99,-2.0754716981132075,3,256033,4770,"SPX","*SPX RIC--0 DTE--Daily--v2.1",15,0.231,0.006,17.59,17.02,13.85,47.35,101.89,-37.11
"2026-01-15","10:15:00",6964.66,"3 Jan 15 6960 P BTO 8.60 | 3 Jan 15 6965 C BTO 10.35 | 3 Jan 15 7000 C STO 0.55 | 3 Jan 15 6930 P STO 2.60",-1590,6944.47,"2026-01-15","16:00:00",0,-1553,"Expired",-126,-2.6415094339622645,3,256132,4770,"SPX","*SPX RIC--0 DTE--Daily--v2.1",15,0.166,0.006,15.6,15.8,42.86,-4.8,25.16,-51.89
"2026-01-09","10:15:00",6938.95,"3 Jan 9 6930 P BTO 8.65 | 3 Jan 9 6940 C BTO 10.95 | 3 Jan 9 6975 C STO 1.15 | 3 Jan 9 6905 P STO 3.35",-1520,6966.28,"2026-01-09","16:00:00",0,-2628,"Expired",3309,72.5657894736842,3,256258,4560,"SPX","*SPX RIC--0 DTE--Daily--v2.1",15,0.23,0.004,15.15,14.52,6.37,11.12,121.05,-4.28
"2025-12-24","09:51:00",6913.97,"6 Dec 24 6910 P BTO 3.35 | 6 Dec 24 6915 C BTO 4.65 | 6 Dec 24 6950 C STO 0.15 | 6 Dec 24 6880 P STO 0.45",-750,6932.05,"2025-12-24","13:00:00",0,-1705,"Expired",5700,126.66666666666666,6,252949,4500,"SPX","*SPX RIC--0 DTE--Daily--v2.1",30,0.075,0.006,13.8,13.41,-4.88,9.06,190,-16
"2025-12-22","09:51:00",6862.98,"3 Dec 22 6855 P BTO 7.45 | 3 Dec 22 6865 C BTO 9.80 | 3 Dec 22 6900 C STO 0.65 | 3 Dec 22 6830 P STO 2.70",-1400,6878.49,"2025-12-22","16:00:00",0,-1349,"Expired",-168,-4,3,247249,4200,"SPX","*SPX RIC--0 DTE--Daily--v2.1",15,0.194,0.007,14.7,14.03,30.71,-2.23,23.93,-41.07
"2025-12-19","10:34:00",6827.6,"3 Dec 19 6820 P BTO 9.95 | 3 Dec 19 6830 C BTO 11.10 | 3 Dec 19 6865 C STO 0.80 | 3 Dec 19 6795 P STO 4.45",-1590,6834.5,"2025-12-19","16:00:00",0,-450,"Expired",-3435,-72.0125786163522,3,247417,4770,"SPX","*SPX RIC--0 DTE--Daily--v2.1",15,0.249,0.02,15.35,15.1,17.86,34.98,0.31,-88.05
"2025-12-18","10:46:00",6812.74,"3 Dec 18 6805 P BTO 10.05 | 3 Dec 18 6815 C BTO 11.45 | 3 Dec 18 6850 C STO 1.00 | 3 Dec 18 6780 P STO 4.65",-1595,6774.76,"2025-12-18","16:00:00",0,-2500,"Expired",2700,56.42633228840125,3,250852,4785,"SPX","*SPX RIC--0 DTE--Daily--v2.1",15,0.263,0.187,16.05,16.81,56.63,34.68,56.74,-49.53
"2025-12-02","10:02:00",6844.11,"3 Dec 2 6835 P BTO 8.95 | 3 Dec 2 6845 C BTO 11.45 | 3 Dec 2 6880 C STO 1.15 | 3 Dec 2 6810 P STO 3.55",-1580,6829.37,"2025-12-02","16:00:00",0,-563,"Expired",-3066,-64.68354430379748,3,248152,4740,"SPX","*SPX RIC--0 DTE--Daily--v2.1",15,0.23,0.017,16.55,16.6,18.33,13.15,10.76,-84.81
"2025-11-26","10:35:00",6803,"3 Nov 26 6795 P BTO 9.30 | 3 Nov 26 6805 C BTO 11.10 | 3 Nov 26 6840 C STO 1.35 | 3 Nov 26 6770 P STO 3.95",-1520,6812.61,"2025-11-26","16:00:00",0,-761,"Expired",-2292,-50.26315789473684,3,251218,4560,"SPX","*SPX RIC--0 DTE--Daily--v2.1",15,0.26,0.013,17.68,17.29,27.67,9.45,62.17,-49.93
"2025-11-25","11:37:00",6719.1,"3 Nov 25 6710 P BTO 9.25 | 3 Nov 25 6720 C BTO 11.50 | 3 Nov 25 6755 C STO 1.10 | 3 Nov 25 6685 P STO 3.80",-1595,6765.88,"2025-11-25","16:00:00",0,-3500,"Expired",5700,119.12225705329153,3,253510,4785,"SPX","*SPX RIC--0 DTE--Daily--v2.1",15,0.236,0.245,19.55,18.61,-8.09,22.07,119.44,-1.57
"2025-11-24","11:09:00",6694.25,"3 Nov 24 6685 P BTO 9.75 | 3 Nov 24 6695 C BTO 12.15 | 3 Nov 24 6730 C STO 1.55 | 3 Nov 24 6660 P STO 4.50",-1595,6705.12,"2025-11-24","16:00:00",0,-1012,"Expired",-1764,-36.86520376175549,3,247810,4785,"SPX","*SPX RIC--0 DTE--Daily--v2.1",15,0.276,0.009,21.02,20.63,33.55,57.71,18.18,-53.92
"2025-11-10","09:45:00",6808.57,"3 Nov 10 6800 P BTO 10.65 | 3 Nov 10 6810 C BTO 11.75 | 3 Nov 10 6845 C STO 1.50 | 3 Nov 10 6775 P STO 5.15",-1585,6832.43,"2025-11-10","16:00:00",0,-2243,"Expired",1959,41.198738170347006,3,249574,4755,"SPX","*SPX RIC--0 DTE--Daily--v2.1",15,0.297,0.004,17.98,17.72,56.56,23.21,83.28,-35.02
"2025-10-30","12:14:00",6872.92,"3 Oct 30 6865 P BTO 9.20 | 3 Oct 30 6875 C BTO 10.90 | 3 Oct 30 6910 C STO 0.95 | 3 Oct 30 6840 P STO 3.65",-1560,6822.34,"2025-10-30","16:00:00",0,-2500,"Expired",2805,59.93589743589743,3,247615,4680,"SPX","*SPX RIC--0 DTE--Daily--v2.1",15,0.229,0.418,16.57,17.36,-30.09,12.42,60.26,-44.23
"2025-10-24","09:46:00",6797.24,"3 Oct 24 6790 P BTO 9.85 | 3 Oct 24 6800 C BTO 10.90 | 3 Oct 24 6830 C STO 1.10 | 3 Oct 24 6760 P STO 4.25",-1550,6791.69,"2025-10-24","16:00:00",0,0,"Expired",-4665,-100.32258064516128,3,244810,4650,"SPX","*SPX RIC--0 DTE--Daily--v2.1",15,0.258,0.667,16.32,16.37,33.63,25.17,0,-100
"2025-10-20","09:53:00",6714.13,"3 Oct 20 6705 P BTO 9.75 | 3 Oct 20 6715 C BTO 12.35 | 3 Oct 20 6750 C STO 1.35 | 3 Oct 20 6680 P STO 4.85",-1600,6735.13,"2025-10-20","16:00:00",0,-2013,"Expired",1224,25.5,3,249475,4800,"SPX","*SPX RIC--0 DTE--Daily--v2.1",15,0.281,0.005,19.46,18.32,26.04,24.08,74.69,-8.75
"2025-10-15","10:15:00",6717.47,"3 Oct 15 6710 P BTO 10.85 | 3 Oct 15 6720 C BTO 11.85 | 3 Oct 15 6750 C STO 2.15 | 3 Oct 15 6680 P STO 4.85",-1580,6671.06,"2025-10-15","16:00:00",0,-3000,"Expired",4245,89.55696202531645,3,248251,4740,"SPX","*SPX RIC--0 DTE--Daily--v2.1",15,0.308,0.241,19.19,20.46,43.96,29.2,89.87,-18.04
"2025-10-13","11:51:00",6649.07,"3 Oct 13 6640 P BTO 9.50 | 3 Oct 13 6650 C BTO 11.70 | 3 Oct 13 6685 C STO 1.20 | 3 Oct 13 6615 P STO 4.30",-1580,6654.72,"2025-10-13","16:00:00",0,-472,"Expired",-3339,-70.44303797468355,3,244006,4740,"SPX","*SPX RIC--0 DTE--Daily--v2.1",15,0.259,0.021,19.73,18.94,70.02,26.54,27.85,-73.73
"2025-10-08","10:07:00",6737.49,"3 Oct 8 6730 P BTO 6.80 | 3 Oct 8 6740 C BTO 8.55 | 3 Oct 8 6770 C STO 0.65 | 3 Oct 8 6700 P STO 1.80",-1300,6753.72,"2025-10-08","16:00:00",0,-1372,"Expired",201,5.153846153846154,3,247345,3900,"SPX","*SPX RIC--0 DTE--Daily--v2.1",15,0.16,0.007,16.88,16.25,9.28,13.62,25.77,-35
"2025-10-03","11:49:00",6743.43,"4 Oct 3 6740 P BTO 4.95 | 4 Oct 3 6745 C BTO 5.95 | 4 Oct 3 6780 C STO 0.10 | 4 Oct 3 6710 P STO 0.90",-1000,6715.79,"2025-10-03","16:00:00",0,-2421,"Expired",5664,141.6,4,247144,4000,"SPX","*SPX RIC--0 DTE--Daily--v2.1",20,0.092,0.004,16.25,16.53,6.79,21.29,153.5,-17
"2025-09-26","09:59:00",6643.35,"3 Sep 26 6635 P BTO 9.45 | 3 Sep 26 6645 C BTO 11.30 | 3 Sep 26 6680 C STO 1.05 | 3 Sep 26 6610 P STO 3.85",-1595,6643.7,"2025-09-26","16:00:00",0,0,"Expired",-4800,-100.31347962382443,3,241480,4785,"SPX","*SPX RIC--0 DTE--Daily--v2.1",15,0.236,0.667,16.16,15.36,10.66,27.97,9.09,-100
"2025-09-10","10:07:00",6552.78,"3 Sep 10 6550 P BTO 7.40 | 3 Sep 10 6555 C BTO 7.05 | 3 Sep 10 6590 C STO 0.25 | 3 Sep 10 6520 P STO 1.80",-1250,6532.04,"2025-09-10","16:00:00",0,-1796,"Expired",1623,43.28,3,246280,3750,"SPX","*SPX RIC--0 DTE--Daily--v2.1",15,0.142,0.005,14.66,15.33,37.68,2.49,115.2,-27.6
"2025-09-04","09:35:00",6460.41,"3 Sep 4 6455 P BTO 8.30 | 3 Sep 4 6460 C BTO 10.35 | 3 Sep 4 6495 C STO 0.60 | 3 Sep 4 6425 P STO 2.40",-1575,6502.08,"2025-09-04","16:00:00",0,-3500,"Expired",5760,121.90476190476191,3,244657,4725,"SPX","*SPX RIC--0 DTE--Daily--v2.1",15,0.161,0.169,15.99,15.41,8.34,3.81,122.22,-17.14
"2025-09-03","10:27:00",6442.71,"4 Sep 3 6435 P BTO 6.35 | 4 Sep 3 6445 C BTO 7.90 | 4 Sep 3 6480 C STO 0.30 | 4 Sep 3 6410 P STO 2.00",-1205,6448.26,"2025-09-03","16:00:00",0,-326,"Expired",-3536,-73.3609958506224,4,238897,4820,"SPX","*SPX RIC--0 DTE--Daily--v2.1",20,0.161,0.053,16.94,16.48,30.28,-3.11,29.88,-98.34
"2025-08-22","10:18:00",6462.55,"3 Aug 22 6450 P BTO 10.80 | 3 Aug 22 6465 C BTO 14.05 | 3 Aug 22 6500 C STO 2.55 | 3 Aug 22 6430 P STO 6.40",-1600,6466.91,"2025-08-22","16:00:00",0,-191,"Expired",-4242,-88.375,3,242433,4800,"SPX","*SPX RIC--0 DTE--Daily--v2.1",15,0.36,0.062,14.8,14.24,14.42,77.96,13.44,-97.81
"2025-08-19","10:23:00",6454.11,"4 Aug 19 6450 P BTO 5.55 | 4 Aug 19 6455 C BTO 6.95 | 4 Aug 19 6490 C STO 0.35 | 4 Aug 19 6420 P STO 0.90",-1135,6411.37,"2025-08-19","16:00:00",0,-3000,"Expired",7440,163.87665198237886,4,246675,4540,"SPX","*SPX RIC--0 DTE--Daily--v2.1",20,0.1,0.22,14.81,15.56,-2.91,7.87,165.64,-4.85
"2025-08-12","09:36:00",6413.12,"2 Aug 12 6405 P BTO 9.30 | 2 Aug 12 6415 C BTO 11.00 | 2 Aug 12 6450 C STO 1.10 | 2 Aug 12 6380 P STO 3.50",-1580,6445.76,"2025-08-12","16:00:00",0,-3076,"Expired",2982,94.36708860759494,2,239235,3160,"SPX","*SPX RIC--0 DTE--Daily--v2.1",10,0.227,0.003,15.12,14.8,21.72,17.95,95.57,-22.15
"2025-08-08","10:01:00",6377.8,"3 Aug 8 6370 P BTO 7.85 | 3 Aug 8 6380 C BTO 9.50 | 3 Aug 8 6415 C STO 0.75 | 3 Aug 8 6345 P STO 3.15",-1355,6389.45,"2025-08-08","16:00:00",0,-945,"Expired",-1245,-30.627306273062732,3,236253,4065,"SPX","*SPX RIC--0 DTE--Daily--v2.1",15,0.225,0.01,15.88,15.39,15.22,22.58,20.3,-72.32
"2025-08-06","09:50:00",6312.33,"2 Aug 6 6305 P BTO 9.65 | 2 Aug 6 6315 C BTO 10.60 | 2 Aug 6 6345 C STO 1.35 | 2 Aug 6 6275 P STO 3.25",-1575,6345.06,"2025-08-06","16:00:00",0,-3000,"Expired",2840,90.15873015873017,2,237498,3150,"SPX","*SPX RIC--0 DTE--Daily--v2.1",10,0.227,0.01,17.55,16.66,10.11,3.03,90.48,-12.7
"2025-08-04","09:45:00",6297.85,"2 Aug 4 6290 P BTO 10.55 | 2 Aug 4 6300 C BTO 11.20 | 2 Aug 4 6335 C STO 1.40 | 2 Aug 4 6265 P STO 4.50",-1595,6329.94,"2025-08-04","16:00:00",0,-2994,"Expired",2788,87.39811912225706,2,234658,3190,"SPX","*SPX RIC--0 DTE--Daily--v2.1",10,0.271,0.003,18.14,17.61,33.7,26.14,89.66,-7.52
"2025-07-25","10:34:00",6375.57,"4 Jul 25 6370 P BTO 4.95 | 4 Jul 25 6375 C BTO 7.30 | 4 Jul 25 6410 C STO 0.40 | 4 Jul 25 6340 P STO 1.10",-1085,6388.64,"2025-07-25","16:00:00",0,-1364,"Expired",1096,25.253456221198157,4,231870,4340,"SPX","*SPX RIC--0 DTE--Daily--v2.1",20,0.122,0.007,15.12,14.95,6.66,5.56,89.86,-10.6
"2025-07-23","09:39:00",6335.68,"3 Jul 23 6330 P BTO 7.10 | 3 Jul 23 6335 C BTO 8.85 | 3 Jul 23 6370 C STO 0.45 | 3 Jul 23 6300 P STO 1.70",-1390,6358.91,"2025-07-23","16:00:00",0,-2391,"Expired",2988,71.65467625899281,3,230774,4170,"SPX","*SPX RIC--0 DTE--Daily--v2.1",15,0.135,0.004,16,15.39,17.28,8.78,72.01,-38.49
"2025-07-08","09:49:00",6238.15,"3 Jul 8 6230 P BTO 7.15 | 3 Jul 8 6240 C BTO 9.40 | 3 Jul 8 6275 C STO 0.90 | 3 Jul 8 6205 P STO 1.95",-1380,6225.52,"2025-07-08","16:00:00",0,-448,"Expired",-2811,-67.89855072463769,3,227786,4140,"SPX","*SPX RIC--0 DTE--Daily--v2.1",15,0.172,0.024,16.88,16.87,4.05,4.12,2.17,-76.81
"2025-06-26","10:14:00",6119.18,"3 Jun 26 6115 P BTO 7.15 | 3 Jun 26 6120 C BTO 8.05 | 3 Jun 26 6155 C STO 0.45 | 3 Jun 26 6085 P STO 1.55",-1330,6141.02,"2025-06-26","16:00:00",0,-2102,"Expired",2301,57.669172932330824,3,230597,3990,"SPX","*SPX RIC--0 DTE--Daily--v2.1",15,0.132,0.005,16.43,16.43,19.93,7.09,85.71,-4.14
"2025-06-24","09:38:00",6072.93,"2 Jun 24 6065 P BTO 9.10 | 2 Jun 24 6075 C BTO 11.00 | 2 Jun 24 6110 C STO 1.15 | 2 Jun 24 6040 P STO 3.60",-1545,6092.18,"2025-06-24","16:00:00",0,-1718,"Expired",336,10.87378640776699,2,228296,3090,"SPX","*SPX RIC--0 DTE--Daily--v2.1",10,0.236,0.005,17.89,17.54,36.04,11.72,69.9,-22.01
"2025-06-16","09:40:00",6022.31,"2 Jun 16 6015 P BTO 9.70 | 2 Jun 16 6025 C BTO 10.50 | 2 Jun 16 6055 C STO 1.40 | 2 Jun 16 5985 P STO 3.20",-1570,6033.11,"2025-06-16","16:00:00",0,-811,"Expired",-1528,-48.66242038216561,2,227960,3140,"SPX","*SPX RIC--0 DTE--Daily--v2.1",10,0.228,0.012,19.26,19.1,27.03,18.31,46.82,-81.85
"2025-06-11","10:35:00",6056.85,"2 Jun 11 6050 P BTO 7.30 | 2 Jun 11 6055 C BTO 10.95 | 2 Jun 11 6090 C STO 1.00 | 2 Jun 11 6020 P STO 1.70",-1565,6022.24,"2025-06-11","16:00:00",0,-2776,"Expired",2412,77.06070287539936,2,229488,3130,"SPX","*SPX RIC--0 DTE--Daily--v2.1",10,0.148,0.004,16.37,17.38,10.57,7.47,82.75,-36.74
"2025-06-10","12:02:00",6025.42,"3 Jun 10 6020 P BTO 7.25 | 3 Jun 10 6025 C BTO 9.30 | 3 Jun 10 6060 C STO 0.95 | 3 Jun 10 5990 P STO 1.50",-1420,6038.81,"2025-06-10","16:00:00",0,-1381,"Expired",-132,-3.0985915492957745,3,227076,4260,"SPX","*SPX RIC--0 DTE--Daily--v2.1",15,0.148,0.007,16.93,16.73,4.03,15.51,25.7,-65.14
"2025-06-06","11:50:00",5998.46,"3 Jun 6 5990 P BTO 7.40 | 3 Jun 6 6000 C BTO 10.00 | 3 Jun 6 6035 C STO 0.70 | 3 Jun 6 5965 P STO 2.60",-1420,6000.36,"2025-06-06","16:00:00",0,-36,"Expired",-4167,-97.8169014084507,3,227208,4260,"SPX","*SPX RIC--0 DTE--Daily--v2.1",15,0.19,0.091,16.9,16.82,47.76,11.4,5.28,-97.46
"2025-06-05","11:00:00",5983.22,"2 Jun 5 5975 P BTO 8.70 | 2 Jun 5 5985 C BTO 10.90 | 2 Jun 5 6020 C STO 1.50 | 2 Jun 5 5950 P STO 2.85",-1535,5939.3,"2025-06-05","16:00:00",0,-2500,"Expired",1920,62.54071661237784,2,231375,3070,"SPX","*SPX RIC--0 DTE--Daily--v2.1",10,0.222,0.291,17.27,18.57,14.86,-2.45,63.19,-47.88
"2025-06-03","10:46:00",5948.78,"3 Jun 3 5945 P BTO 8.45 | 3 Jun 3 5950 C BTO 9.45 | 3 Jun 3 5985 C STO 1.00 | 3 Jun 3 5915 P STO 1.95",-1505,5970.37,"2025-06-03","16:00:00",0,-2037,"Expired",1581,35.01661129568106,3,229455,4515,"SPX","*SPX RIC--0 DTE--Daily--v2.1",15,0.165,0.005,18.06,17.68,2.62,10.22,85.71,-1.66
"2025-05-27","10:09:00",5882.31,"2 May 27 5875 P BTO 8.95 | 2 May 27 5885 C BTO 10.50 | 2 May 27 5915 C STO 1.75 | 2 May 27 5845 P STO 2.45",-1535,5921.54,"2025-05-27","16:00:00",0,-3000,"Expired",2920,95.11400651465797,2,227874,3070,"SPX","*SPX RIC--0 DTE--Daily--v2.1",10,0.216,0.166,19.65,18.97,51.25,28.24,95.44,-3.26
"2025-05-16","10:19:00",5927.8,"2 May 16 5920 P BTO 9.15 | 2 May 16 5930 C BTO 10.65 | 2 May 16 5965 C STO 1.45 | 2 May 16 5895 P STO 3.00",-1545,5958.38,"2025-05-16","16:00:00",0,-2838,"Expired",2576,83.36569579288026,2,224954,3090,"SPX","*SPX RIC--0 DTE--Daily--v2.1",10,0.225,0.004,17.37,17.2,12.16,-1.29,83.69,-22.98
"2025-05-12","10:18:00",5817.54,"2 May 12 5805 P BTO 11.50 | 2 May 12 5820 C BTO 15.60 | 2 May 12 5850 C STO 5.50 | 2 May 12 5785 P STO 6.30",-1540,5844.19,"2025-05-12","16:00:00",0,-2419,"Expired",1748,56.753246753246756,2,222378,3080,"SPX","*SPX RIC--0 DTE--Daily--v2.1",10,0.435,0.004,19.07,18.22,147.29,10.34,57.08,-43.83
"2025-05-02","12:10:00",5689.55,"2 May 2 5680 P BTO 9.00 | 2 May 2 5690 C BTO 12.70 | 2 May 2 5725 C STO 2.20 | 2 May 2 5655 P STO 3.75",-1585,5686.67,"2025-05-02","16:00:00",0,0,"Expired",-3180,-100.3154574132492,2,220630,3170,"SPX","*SPX RIC--0 DTE--Daily--v2.1",10,0.274,1,22.56,22.7,41.74,43.67,9.78,-100
"2025-04-09","09:41:00",5019.71,"1 Apr 9 4975 P BTO 55.10 | 1 Apr 9 5020 C BTO 75.10 | 1 Apr 9 5055 C STO 58.10 | 1 Apr 9 4985 P STO 59.10",-1310,5456.9,"2025-04-09","16:00:00",0,-3500,"Expired",2185,166.793893129771,1,223810,2310,"SPX","*SPX RIC--0 DTE--Daily--v2.1",5,0.9,0.929,49.7,33.76,-17.49,54.43,167.18,-176.34
"2025-03-24","10:17:00",5753.54,"2 Mar 24 5745 P BTO 9.00 | 2 Mar 24 5755 C BTO 11.00 | 2 Mar 24 5790 C STO 1.10 | 2 Mar 24 5720 P STO 3.65",-1535,5767.57,"2025-03-24","16:00:00",0,-1257,"Expired",-566,-18.436482084690553,2,221625,3070,"SPX","*SPX RIC--0 DTE--Daily--v2.1",10,0.238,0.009,18.49,17.58,50.52,35.46,19.54,-54.07
"2025-02-26","10:44:00",6002.55,"2 Feb 26 5995 P BTO 8.95 | 2 Feb 26 6005 C BTO 10.70 | 2 Feb 26 6040 C STO 1.05 | 2 Feb 26 5970 P STO 3.15",-1555,5956.06,"2025-02-26","16:00:00",0,-2500,"Expired",1880,60.45016077170418,2,222191,3110,"SPX","*SPX RIC--0 DTE--Daily--v2.1",10,0.214,0.333,18.2,19.09,15.62,31.68,61.74,-20.58
"2025-02-13","10:03:00",6073.63,"2 Feb 13 6065 P BTO 9.50 | 2 Feb 13 6075 C BTO 10.80 | 2 Feb 13 6110 C STO 0.65 | 2 Feb 13 6040 P STO 3.90",-1585,6115.07,"2025-02-13","16:00:00",0,-3500,"Expired",3820,120.50473186119875,2,220311,3170,"SPX","*SPX RIC--0 DTE--Daily--v2.1",10,0.224,0.134,15.45,15,8.62,13.04,120.82,-19.56
"2025-02-10","10:06:00",6063.32,"3 Feb 10 6055 P BTO 8.20 | 3 Feb 10 6065 C BTO 9.80 | 3 Feb 10 6100 C STO 0.60 | 3 Feb 10 6030 P STO 2.95",-1455,6066.44,"2025-02-10","16:00:00",0,-144,"Expired",-3948,-90.44673539518901,3,216491,4365,"SPX","*SPX RIC--0 DTE--Daily--v2.1",15,0.197,0.042,16,15.75,20.41,16.92,4.12,-93.47
"2025-02-06","09:46:00",6079.49,"3 Feb 6 6070 P BTO 7.35 | 3 Feb 6 6080 C BTO 10.70 | 3 Feb 6 6115 C STO 0.95 | 3 Feb 6 6045 P STO 2.45",-1475,6083.57,"2025-02-06","16:00:00",0,-357,"Expired",-3369,-76.13559322033898,3,220439,4425,"SPX","*SPX RIC--0 DTE--Daily--v2.1",15,0.188,0.038,15.5,15.26,10.74,7.27,11.19,-90.85
"2025-02-05","10:43:00",6029.21,"2 Feb 5 6020 P BTO 7.95 | 2 Feb 5 6030 C BTO 10.80 | 2 Feb 5 6065 C STO 1.05 | 2 Feb 5 5995 P STO 2.85",-1495,6061.48,"2025-02-05","16:00:00",0,-3148,"Expired",3296,110.2341137123746,2,223808,2990,"SPX","*SPX RIC--0 DTE--Daily--v2.1",10,0.208,0.003,16.68,15.88,-17.43,8.76,110.57,-12.37
"2025-02-04","10:55:00",6027.59,"2 Feb 4 6020 P BTO 9.35 | 2 Feb 4 6030 C BTO 11.25 | 2 Feb 4 6065 C STO 1.25 | 2 Feb 4 5995 P STO 3.55",-1590,6037.88,"2025-02-04","16:00:00",0,-788,"Expired",-1614,-50.75471698113208,2,220512,3180,"SPX","*SPX RIC--0 DTE--Daily--v2.1",10,0.233,0.013,17.21,16.87,3.57,29.45,9.43,-66.67
"2025-01-31","12:23:00",6112.04,"3 Jan 31 6105 P BTO 5.75 | 3 Jan 31 6110 C BTO 9.60 | 3 Jan 31 6145 C STO 0.40 | 3 Jan 31 6075 P STO 1.15",-1390,6040.53,"2025-01-31","16:00:00",0,-3000,"Expired",4815,115.46762589928056,3,222126,4170,"SPX","*SPX RIC--0 DTE--Daily--v2.1",15,0.101,0.551,15.07,16.67,25.62,15.25,125.18,-17.27
"2025-01-30","11:47:00",6053.36,"3 Jan 30 6045 P BTO 7.10 | 3 Jan 30 6055 C BTO 9.05 | 3 Jan 30 6090 C STO 0.80 | 3 Jan 30 6020 P STO 1.95",-1350,6071.17,"2025-01-30","16:00:00",0,-1617,"Expired",786,19.407407407407405,3,217311,4050,"SPX","*SPX RIC--0 DTE--Daily--v2.1",15,0.17,0.007,15.59,15.87,11.44,2.61,113.7,-47.04
"2025-01-28","10:22:00",6032.55,"2 Jan 28 6025 P BTO 10.20 | 2 Jan 28 6035 C BTO 10.70 | 2 Jan 28 6070 C STO 1.35 | 2 Jan 28 6000 P STO 3.75",-1590,6067.7,"2025-01-28","16:00:00",0,-3270,"Expired",3350,105.34591194968554,2,216525,3180,"SPX","*SPX RIC--0 DTE--Daily--v2.1",10,0.244,0.003,17.21,16.35,14.69,5.58,112.26,-9.75
"2025-01-24","10:01:00",6124.32,"3 Jan 24 6120 P BTO 7.70 | 3 Jan 24 6125 C BTO 8.60 | 3 Jan 24 6160 C STO 0.55 | 3 Jan 24 6090 P STO 1.75",-1410,6101.24,"2025-01-24","16:00:00",0,-1876,"Expired",1383,32.695035460992905,3,213175,4230,"SPX","*SPX RIC--0 DTE--Daily--v2.1",15,0.141,0.005,14.73,14.8,2.72,2.89,91.13,-42.2
"2025-01-23","09:40:00",6082.69,"3 Jan 23 6075 P BTO 7.10 | 3 Jan 23 6085 C BTO 8.20 | 3 Jan 23 6120 C STO 0.45 | 3 Jan 23 6050 P STO 2.40",-1255,6118.71,"2025-01-23","16:00:00",0,-3371,"Expired",6333,168.20717131474103,3,211792,3765,"SPX","*SPX RIC--0 DTE--Daily--v2.1",15,0.186,0.003,14.89,14.96,-10.05,6.37,168.61,-22.71
"2025-01-21","10:22:00",6017.55,"2 Jan 21 6010 P BTO 9.20 | 2 Jan 21 6020 C BTO 11.25 | 2 Jan 21 6055 C STO 1.15 | 2 Jan 21 5985 P STO 3.55",-1585,6049.24,"2025-01-21","16:00:00",0,-2924,"Expired",2668,84.1640378548896,2,205459,3170,"SPX","*SPX RIC--0 DTE--Daily--v2.1",10,0.23,0.003,15.54,15.32,17.46,3.43,92.11,-13.88
"2025-01-17","10:15:00",5993.16,"2 Jan 17 5985 P BTO 9.50 | 2 Jan 17 5995 C BTO 11.10 | 2 Jan 17 6030 C STO 1.05 | 2 Jan 17 5960 P STO 3.65",-1600,5996.66,"2025-01-17","16:00:00",0,-166,"Expired",-2878,-89.9375,2,202791,3200,"SPX","*SPX RIC--0 DTE--Daily--v2.1",10,0.228,0.057,15.72,15.94,58.06,-2.24,29.06,-92.19
"2025-01-16","10:59:00",5953.67,"2 Jan 16 5945 P BTO 8.75 | 2 Jan 16 5955 C BTO 11.70 | 2 Jan 16 5990 C STO 1.50 | 2 Jan 16 5920 P STO 3.05",-1600,5937.34,"2025-01-16","16:00:00",0,-766,"Expired",-1678,-52.4375,2,205669,3200,"SPX","*SPX RIC--0 DTE--Daily--v2.1",10,0.222,0.015,15.82,16.27,13.7,-9.94,10.62,-92.81
"2025-01-15","12:07:00",5929.59,"2 Jan 15 5920 P BTO 7.85 | 2 Jan 15 5930 C BTO 11.60 | 2 Jan 15 5965 C STO 1.40 | 2 Jan 15 5895 P STO 2.70",-1545,5949.91,"2025-01-15","16:00:00",0,-1991,"Expired",882,28.54368932038835,2,207347,3090,"SPX","*SPX RIC--0 DTE--Daily--v2.1",10,0.211,0.005,16.72,16.13,62.3,24.38,84.14,-10.03
"2025-01-03","11:18:00",5908.63,"2 Jan 3 5900 P BTO 9.10 | 2 Jan 3 5910 C BTO 11.80 | 2 Jan 3 5945 C STO 1.80 | 2 Jan 3 5875 P STO 3.20",-1600,5942.47,"2025-01-03","16:00:00",0,-3247,"Expired",3284,102.62500000000001,2,206465,3200,"SPX","*SPX RIC--0 DTE--Daily--v2.1",10,0.239,0.003,17.01,16.13,22.52,17.56,102.94,0
"2025-01-02","12:13:00",5904.22,"2 Jan 2 5895 P BTO 8.30 | 2 Jan 2 5905 C BTO 11.80 | 2 Jan 2 5940 C STO 1.65 | 2 Jan 2 5870 P STO 2.70",-1585,5868.55,"2025-01-02","16:00:00",0,-2500,"Expired",1820,57.413249211356465,2,203181,3170,"SPX","*SPX RIC--0 DTE--Daily--v2.1",10,0.216,0.046,17.09,17.99,21.63,0.96,57.73,-6.62
"2024-12-20","11:48:00",5966.67,"2 Dec 20 5955 P BTO 11.00 | 2 Dec 20 5970 C BTO 14.50 | 2 Dec 20 6000 C STO 5.00 | 2 Dec 20 5930 P STO 4.80",-1580,5930.85,"2024-12-20","16:00:00",0,-2415,"Expired",1660,52.53164556962025,2,201361,3160,"SPX","*SPX RIC--0 DTE--Daily--v2.1",10,0.384,0.016,18.05,18.18,-25.08,124.67,55.38,-53.16
"2024-12-13","09:46:00",6077.39,"3 Dec 13 6075 P BTO 6.25 | 3 Dec 13 6080 C BTO 6.10 | 3 Dec 13 6110 C STO 0.30 | 3 Dec 13 6040 P STO 0.65",-1150,6051.09,"2024-12-13","16:00:00",0,-2391,"Expired",3708,107.47826086956522,3,199701,3450,"SPX","*SPX RIC--0 DTE--Daily--v2.1",15,0.077,0.004,13.26,13.75,16.92,9.22,172.61,-0.43
"2024-12-10","10:07:00",6061.15,"3 Dec 10 6055 P BTO 4.45 | 3 Dec 10 6060 C BTO 7.65 | 3 Dec 10 6095 C STO 0.30 | 3 Dec 10 6025 P STO 0.65",-1125,6034.91,"2024-12-10","16:00:00",0,-2009,"Expired",2637,78.13333333333333,3,195993,3375,"SPX","*SPX RIC--0 DTE--Daily--v2.1",15,0.079,0.005,14.01,14.24,4.74,3.56,106.67,-53.78
"2024-12-06","11:37:00",6091.7,"3 Dec 6 6090 P BTO 4.65 | 3 Dec 6 6090 C BTO 6.70 | 3 Dec 6 6125 C STO 0.15 | 3 Dec 6 6055 P STO 0.50",-1080,6090.27,"2024-12-06","16:00:00",0,-27,"Expired",-3174,-97.96296296296296,3,193356,3240,"SPX","*SPX RIC--0 DTE--Daily--v2.1",15,0.057,0.182,12.91,12.73,6.27,10.32,7.87,-97.5
"2024-11-26","09:39:00",6003.18,"2 Nov 26 5995 P BTO 7.50 | 2 Nov 26 6005 C BTO 9.50 | 2 Nov 26 6040 C STO 0.55 | 2 Nov 26 5970 P STO 2.50",-1405,6021.63,"2024-11-26","16:00:00",0,-1663,"Expired",506,18.00711743772242,2,196530,2810,"SPX","*SPX RIC--0 DTE--Daily--v2.1",10,0.179,0.006,14.25,14.11,12.66,3.15,34.16,-63.7
"2024-11-25","09:35:00",6013.07,"2 Nov 25 6005 P BTO 6.95 | 2 Nov 25 6015 C BTO 9.00 | 2 Nov 25 6050 C STO 0.70 | 2 Nov 25 5980 P STO 2.05",-1330,5987.37,"2024-11-25","16:00:00",0,-1763,"Expired",856,32.180451127819545,2,196024,2660,"SPX","*SPX RIC--0 DTE--Daily--v2.1",10,0.172,0.005,14.66,14.78,22.94,20.79,69.92,-19.92
"2024-11-22","10:02:00",5969.87,"2 Nov 22 5960 P BTO 8.30 | 2 Nov 22 5970 C BTO 12.30 | 2 Nov 22 6005 C STO 1.45 | 2 Nov 22 5935 P STO 3.25",-1600,5969.34,"2024-11-22","16:00:00",0,0,"Expired",-3210,-100.3125,2,195168,3200,"SPX","*SPX RIC--0 DTE--Daily--v2.1",10,0.228,0.333,16.07,15.44,-4.35,25.51,0,-100
"2024-11-05","10:02:00",5759.53,"2 Nov 5 5750 P BTO 8.10 | 2 Nov 5 5760 C BTO 12.25 | 2 Nov 5 5795 C STO 1.40 | 2 Nov 5 5725 P STO 3.35",-1570,5782.76,"2024-11-05","16:00:00",0,-2276,"Expired",1402,44.64968152866242,2,198378,3140,"SPX","*SPX RIC--0 DTE--Daily--v2.1",10,0.233,0.004,20.75,20.57,9.74,37.1,44.97,-36.31
"2024-11-01","10:12:00",5757.88,"2 Nov 1 5750 P BTO 9.25 | 2 Nov 1 5760 C BTO 10.60 | 2 Nov 1 5795 C STO 1.40 | 2 Nov 1 5725 P STO 3.45",-1510,5728.8,"2024-11-01","16:00:00",0,-2120,"Expired",1210,40.06622516556291,2,196976,3020,"SPX","*SPX RIC--0 DTE--Daily--v2.1",10,0.244,0.007,21.33,22.06,17.77,34.66,49.01,-55.96
"2024-10-28","09:37:00",5839.37,"2 Oct 28 5830 P BTO 7.25 | 2 Oct 28 5840 C BTO 11.25 | 2 Oct 28 5875 C STO 0.95 | 2 Oct 28 5805 P STO 2.55",-1510,5823.52,"2024-10-28","16:00:00",0,-648,"Expired",-1734,-57.41721854304635,2,195766,3020,"SPX","*SPX RIC--0 DTE--Daily--v2.1",10,0.189,0.018,19,19.73,25.81,5.44,0,-94.04
"2024-10-25","10:01:00",5854.63,"2 Oct 25 5850 P BTO 7.70 | 2 Oct 25 5855 C BTO 9.30 | 2 Oct 25 5890 C STO 0.55 | 2 Oct 25 5820 P STO 1.95",-1460,5808.12,"2024-10-25","16:00:00",0,-3000,"Expired",3070,105.13698630136987,2,197500,2920,"SPX","*SPX RIC--0 DTE--Daily--v2.1",10,0.147,0.289,18.29,20.23,16.89,27.88,105.82,-21.58
"2024-10-17","11:58:00",5863.42,"3 Oct 17 5860 P BTO 6.25 | 3 Oct 17 5865 C BTO 7.00 | 3 Oct 17 5900 C STO 0.40 | 3 Oct 17 5830 P STO 0.95",-1200,5841.47,"2024-10-17","16:00:00",0,-1853,"Expired",1944,54,3,194430,3600,"SPX","*SPX RIC--0 DTE--Daily--v2.1",15,0.102,0.006,19.07,19.08,33.15,-12.2,57.5,-40.83
"2024-10-11","09:35:00",5789.5,"2 Oct 11 5780 P BTO 8.60 | 2 Oct 11 5790 C BTO 11.15 | 2 Oct 11 5825 C STO 1.00 | 2 Oct 11 5755 P STO 3.15",-1570,5815.03,"2024-10-11","16:00:00",0,-2503,"Expired",1856,59.10828025477707,2,192486,3140,"SPX","*SPX RIC--0 DTE--Daily--v2.1",10,0.21,0.004,20.6,20.5,-4.96,14.41,95.22,-8.28
"2024-10-08","10:02:00",5732.62,"2 Oct 8 5725 P BTO 9.20 | 2 Oct 8 5735 C BTO 9.80 | 2 Oct 8 5770 C STO 0.65 | 2 Oct 8 5700 P STO 3.70",-1475,5751.13,"2024-10-08","16:00:00",0,-1613,"Expired",266,9.016949152542372,2,190630,2950,"SPX","*SPX RIC--0 DTE--Daily--v2.1",10,0.229,0.006,21.51,21.43,23.2,13.48,47.46,-50.17
"2024-09-09","11:41:00",5459.39,"2 Sep 9 5450 P BTO 8.50 | 2 Sep 9 5460 C BTO 11.95 | 2 Sep 9 5495 C STO 1.35 | 2 Sep 9 5425 P STO 3.20",-1600,5471.05,"2024-09-09","16:00:00",0,-1105,"Expired",-1000,-31.25,2,190364,3200,"SPX","*SPX RIC--0 DTE--Daily--v2.1",10,0.222,0.009,20.33,19.59,33.65,17.32,48.75,-84.69
"2024-09-05","10:39:00",5538.38,"2 Sep 5 5530 P BTO 9.70 | 2 Sep 5 5540 C BTO 11.25 | 2 Sep 5 5575 C STO 1.60 | 2 Sep 5 5505 P STO 3.50",-1595,5503.41,"2024-09-05","16:00:00",0,-2500,"Expired",1800,56.42633228840125,2,191364,3190,"SPX","*SPX RIC--0 DTE--Daily--v2.1",10,0.243,0.134,19.44,19.98,0.01,18.3,56.74,-22.88
"2024-08-30","10:30:00",5622.53,"2 Aug 30 5615 P BTO 9.20 | 2 Aug 30 5625 C BTO 11.10 | 2 Aug 30 5660 C STO 1.25 | 2 Aug 30 5590 P STO 3.15",-1600,5648.4,"2024-08-30","16:00:00",0,-2340,"Expired",1470,45.9375,2,189564,3200,"SPX","*SPX RIC--0 DTE--Daily--v2.1",10,0.217,0.004,15.22,14.82,20.78,9.79,62.19,-58.75
"2024-08-29","10:42:00",5629.05,"2 Aug 29 5620 P BTO 8.15 | 2 Aug 29 5630 C BTO 11.50 | 2 Aug 29 5665 C STO 1.10 | 2 Aug 29 5595 P STO 2.90",-1575,5591.96,"2024-08-29","16:00:00",0,-2500,"Expired",1840,58.41269841269842,2,188094,3150,"SPX","*SPX RIC--0 DTE--Daily--v2.1",10,0.204,0.087,15.41,15.93,15.12,21.75,58.73,-54.92
"2024-08-23","12:21:00",5602.89,"2 Aug 23 5595 P BTO 9.50 | 2 Aug 23 5605 C BTO 11.50 | 2 Aug 23 5640 C STO 1.65 | 2 Aug 23 5570 P STO 3.45",-1600,5634.61,"2024-08-23","16:00:00",0,-2961,"Expired",2712,84.75,2,186254,3200,"SPX","*SPX RIC--0 DTE--Daily--v2.1",10,0.243,0.004,16.78,15.72,31.85,0.4,85.31,-24.69
"2024-08-15","10:20:00",5513.05,"2 Aug 15 5505 P BTO 8.80 | 2 Aug 15 5515 C BTO 10.30 | 2 Aug 15 5550 C STO 0.95 | 2 Aug 15 5480 P STO 3.25",-1500,5543.22,"2024-08-15","16:00:00",0,-2822,"Expired",2634,87.8,2,183542,3000,"SPX","*SPX RIC--0 DTE--Daily--v2.1",10,0.22,0.004,15.07,15.18,45.92,11.92,99,-2.67
"2024-08-14","11:07:00",5438.86,"2 Aug 14 5430 P BTO 8.95 | 2 Aug 14 5440 C BTO 11.40 | 2 Aug 14 5475 C STO 1.60 | 2 Aug 14 5405 P STO 3.15",-1570,5455.21,"2024-08-14","16:00:00",0,-1521,"Expired",-108,-3.4394904458598727,2,180908,3140,"SPX","*SPX RIC--0 DTE--Daily--v2.1",10,0.233,0.008,16.77,16.28,7.93,-3.5,43.63,-60.19
"2024-08-13","10:50:00",5398.21,"2 Aug 13 5390 P BTO 9.25 | 2 Aug 13 5400 C BTO 11.20 | 2 Aug 13 5435 C STO 0.95 | 2 Aug 13 5365 P STO 3.90",-1570,5434.43,"2024-08-13","16:00:00",0,-3443,"Expired",3736,118.98089171974522,2,181016,3140,"SPX","*SPX RIC--0 DTE--Daily--v2.1",10,0.237,0.02,19.34,18.02,32.59,21.23,119.3,-6.05
"2024-07-22","09:38:00",5552.62,"2 Jul 22 5545 P BTO 9.10 | 2 Jul 22 5555 C BTO 11.15 | 2 Jul 22 5590 C STO 1.40 | 2 Jul 22 5520 P STO 2.95",-1600,5564.41,"2024-07-22","16:00:00",0,-941,"Expired",-1328,-41.5,2,177280,3200,"SPX","*SPX RIC--0 DTE--Daily--v2.1",10,0.215,0.01,15.67,14.75,39.54,8.08,11.25,-52.19
"2024-07-18","10:04:00",5607.8,"2 Jul 18 5600 P BTO 8.35 | 2 Jul 18 5610 C BTO 9.90 | 2 Jul 18 5645 C STO 1.35 | 2 Jul 18 5575 P STO 2.30",-1470,5544.59,"2024-07-18","16:00:00",0,-2500,"Expired",2050,69.72789115646259,2,178608,2940,"SPX","*SPX RIC--0 DTE--Daily--v2.1",10,0.2,0.552,14.17,15.98,20.29,-0.76,79.93,-8.5
"2024-07-12","09:40:00",5598.3,"2 Jul 12 5590 P BTO 7.10 | 2 Jul 12 5600 C BTO 9.50 | 2 Jul 12 5635 C STO 0.95 | 2 Jul 12 5565 P STO 1.95",-1380,5615.35,"2024-07-12","16:00:00",0,-1535,"Expired",300,10.869565217391305,2,176558,2760,"SPX","*SPX RIC--0 DTE--Daily--v2.1",10,0.175,0.007,12.36,12.36,6.22,7.54,153.26,-14.13
"2024-06-05","10:33:00",5315.07,"2 Jun 5 5310 P BTO 8.10 | 2 Jun 5 5315 C BTO 9.85 | 2 Jun 5 5350 C STO 0.70 | 2 Jun 5 5280 P STO 1.80",-1555,5354.03,"2024-06-05","16:00:00",0,-3500,"Expired",3880,124.7588424437299,2,176258,3110,"SPX","*SPX RIC--0 DTE--Daily--v2.1",10,0.139,0.082,12.87,12.61,23.14,0.59,125.08,-6.43
"2024-05-31","09:37:00",5249.18,"2 May 31 5240 P BTO 7.40 | 2 May 31 5250 C BTO 10.90 | 2 May 31 5285 C STO 1.00 | 2 May 31 5215 P STO 2.00",-1540,5277.51,"2024-05-31","16:00:00",0,-2751,"Expired",2412,78.31168831168831,2,172378,3080,"SPX","*SPX RIC--0 DTE--Daily--v2.1",10,0.164,0.003,13.7,13.19,7.73,5.97,78.64,-71.1
"2024-05-30","09:41:00",5253.53,"2 May 30 5250 P BTO 8.05 | 2 May 30 5255 C BTO 8.95 | 2 May 30 5290 C STO 0.50 | 2 May 30 5220 P STO 1.35",-1525,5235.48,"2024-05-30","16:00:00",0,-1452,"Expired",-156,-5.114754098360655,2,169966,3050,"SPX","*SPX RIC--0 DTE--Daily--v2.1",10,0.109,0.006,14.04,14.22,-7.18,-6.24,57.05,-66.56
"2024-05-24","10:01:00",5291.4,"2 May 24 5285 P BTO 6.90 | 2 May 24 5290 C BTO 9.80 | 2 May 24 5325 C STO 0.65 | 2 May 24 5255 P STO 1.40",-1475,5304.72,"2024-05-24","16:00:00",0,-1472,"Expired",-16,-0.5423728813559322,2,170122,2950,"SPX","*SPX RIC--0 DTE--Daily--v2.1",10,0.123,0.007,12.37,11.91,13.61,9.95,51.53,-43.39
"2024-05-15","10:23:00",5276.14,"2 May 15 5270 P BTO 5.85 | 2 May 15 5275 C BTO 8.90 | 2 May 15 5310 C STO 0.50 | 2 May 15 5240 P STO 1.25",-1310,5308.15,"2024-05-15","16:00:00",0,-3315,"Expired",4000,152.67175572519085,2,170138,2620,"SPX","*SPX RIC--0 DTE--Daily--v2.1",10,0.119,0.007,12.92,12.39,16.58,12.88,161.83,-3.44
"2024-04-23","09:47:00",5043.51,"2 Apr 23 5035 P BTO 8.80 | 2 Apr 23 5045 C BTO 10.50 | 2 Apr 23 5080 C STO 1.10 | 2 Apr 23 5010 P STO 3.15",-1515,5070.55,"2024-04-23","16:00:00",0,-2555,"Expired",2070,68.31683168316832,2,166138,3030,"SPX","*SPX RIC--0 DTE--Daily--v2.1",10,0.22,0.004,16.37,15.8,18.25,14.66,87.13,-1.65
"2024-04-22","11:38:00",4982.61,"2 Apr 22 4975 P BTO 7.10 | 2 Apr 22 4985 C BTO 9.45 | 2 Apr 22 5020 C STO 0.80 | 2 Apr 22 4950 P STO 1.80",-1405,5010.6,"2024-04-22","16:00:00",0,-2560,"Expired",2300,81.85053380782918,2,164068,2810,"SPX","*SPX RIC--0 DTE--Daily--v2.1",10,0.157,0.004,17.85,16.82,20.1,-4.72,142.7,-3.91
"2024-04-18","11:08:00",5047.86,"2 Apr 18 5040 P BTO 9.45 | 2 Apr 18 5050 C BTO 11.15 | 2 Apr 18 5085 C STO 1.40 | 2 Apr 18 5015 P STO 3.35",-1595,5011.12,"2024-04-18","16:00:00",0,-2500,"Expired",1800,56.42633228840125,2,161768,3190,"SPX","*SPX RIC--0 DTE--Daily--v2.1",10,0.231,0.138,17.37,18.09,9.31,16.34,56.74,-20.06
"2024-04-08","10:21:00",5206.75,"2 Apr 8 5200 P BTO 6.15 | 2 Apr 8 5205 C BTO 10.30 | 2 Apr 8 5240 C STO 0.75 | 2 Apr 8 5170 P STO 1.30",-1450,5202.39,"2024-04-08","16:00:00",0,0,"Expired",-2910,-100.34482758620689,2,159968,2900,"SPX","*SPX RIC--0 DTE--Daily--v2.1",10,0.125,1,15.84,15.25,7.03,-4.62,25.17,-100
"2024-04-04","11:42:00",5248.21,"3 Apr 4 5245 P BTO 4.35 | 3 Apr 4 5250 C BTO 5.00 | 3 Apr 4 5285 C STO 0.15 | 3 Apr 4 5215 P STO 0.40",-890,5147.21,"2024-04-04","16:00:00",0,-3000,"Expired",6315,236.51685393258427,3,162878,2670,"SPX","*SPX RIC--0 DTE--Daily--v2.1",15,0.059,0.683,13.86,16.53,32.56,4.16,246.63,-20.79
"2024-03-26","10:00:00",5232.23,"2 Mar 26 5230 P BTO 5.80 | 2 Mar 26 5235 C BTO 5.55 | 2 Mar 26 5265 C STO 0.25 | 2 Mar 26 5195 P STO 0.40",-1080,5203.58,"2024-03-26","16:00:00",0,-2642,"Expired",3114,144.16666666666666,2,156563,2160,"SPX","*SPX RIC--0 DTE--Daily--v2.1",10,0.057,0.004,13.03,13.38,10.66,3.38,144.63,-70.37
"2024-03-21","09:45:00",5255.44,"2 Mar 21 5250 P BTO 7.10 | 2 Mar 21 5255 C BTO 9.55 | 2 Mar 21 5290 C STO 0.55 | 2 Mar 21 5220 P STO 1.10",-1510,5241.53,"2024-03-21","16:00:00",0,-847,"Expired",-1336,-44.23841059602649,2,153449,3020,"SPX","*SPX RIC--0 DTE--Daily--v2.1",10,0.099,0.013,12.4,13.02,28.81,2.01,0,-79.47
"2024-03-12","10:23:00",5147.73,"1 Mar 12 5140 P BTO 8.50 | 1 Mar 12 5150 C BTO 10.65 | 1 Mar 12 5185 C STO 1.10 | 1 Mar 12 5115 P STO 2.75",-1540,5175.27,"2024-03-12","16:00:00",0,-2527,"Expired",982,63.76623376623377,1,154785,1540,"SPX","*SPX RIC--0 DTE--Daily--v2.1",5,0.201,0.004,14.25,13.86,16.36,13.43,89.94,-28.25
"2024-02-27","09:58:00",5069.78,"2 Feb 27 5065 P BTO 6.05 | 2 Feb 27 5070 C BTO 8.50 | 2 Feb 27 5105 C STO 0.30 | 2 Feb 27 5035 P STO 0.70",-1365,5078.18,"2024-02-27","16:00:00",0,-818,"Expired",-1104,-40.43956043956044,2,153803,2730,"SPX","*SPX RIC--0 DTE--Daily--v2.1",10,0.069,0.01,13.57,13.48,5.07,-4.82,1.83,-64.84
"2024-02-22","10:22:00",5058.74,"2 Feb 22 5050 P BTO 6.75 | 2 Feb 22 5060 C BTO 9.90 | 2 Feb 22 5095 C STO 0.90 | 2 Feb 22 5025 P STO 1.65",-1420,5087.03,"2024-02-22","16:00:00",0,-2703,"Expired",2556,90,2,154907,2840,"SPX","*SPX RIC--0 DTE--Daily--v2.1",10,0.153,0.004,14.19,14.58,57.03,19.91,117.61,-16.55
"2024-02-14","10:19:00",4984.1,"2 Feb 14 4980 P BTO 7.10 | 2 Feb 14 4985 C BTO 8.30 | 2 Feb 14 5020 C STO 0.45 | 2 Feb 14 4950 P STO 1.15",-1390,5000.62,"2024-02-14","16:00:00",0,-1562,"Expired",334,12.014388489208633,2,152351,2780,"SPX","*SPX RIC--0 DTE--Daily--v2.1",10,0.104,0.008,14.29,14.31,23.27,7.66,34.53,-61.15
"2024-01-19","11:12:00",4807.22,"2 Jan 19 4800 P BTO 5.05 | 2 Jan 19 4805 C BTO 9.35 | 2 Jan 19 4840 C STO 0.45 | 2 Jan 19 4770 P STO 0.95",-1310,4839.81,"2024-01-19","16:00:00",0,-3481,"Expired",4332,165.3435114503817,2,152017,2620,"SPX","*SPX RIC--0 DTE--Daily--v2.1",10,0.097,0.003,13.6,13.33,15.34,10.94,165.73,-22.14
"2024-01-18","09:41:00",4759.49,"1 Jan 18 4755 P BTO 7.85 | 1 Jan 18 4760 C BTO 9.00 | 1 Jan 18 4795 C STO 0.65 | 1 Jan 18 4725 P STO 1.30",-1500,4780.94,"2024-01-18","16:00:00",0,-2094,"Expired",589,39.266666666666666,1,147685,1500,"SPX","*SPX RIC--0 DTE--Daily--v2.1",5,0.116,0.005,14.23,14.21,20.89,-0.61,69.33,-52.33
"2024-01-05","09:35:00",4698.27,"2 Jan 5 4690 P BTO 7.10 | 2 Jan 5 4700 C BTO 9.60 | 2 Jan 5 4735 C STO 0.90 | 2 Jan 5 4665 P STO 1.50",-1440,4697.24,"2024-01-05","16:00:00",0,0,"Expired",-2890,-100.34722222222223,2,147096,2880,"SPX","*SPX RIC--0 DTE--Daily--v2.1",10,0.144,1,13.6,13.42,1.89,7.7,51.04,-100
"2023-12-27","09:49:00",4778.35,"2 Dec 27 4775 P BTO 5.30 | 2 Dec 27 4780 C BTO 6.15 | 2 Dec 27 4815 C STO 0.20 | 2 Dec 27 4745 P STO 0.40",-1095,4781.58,"2023-12-27","16:00:00",0,-158,"Expired",-1884,-86.02739726027397,2,149986,2190,"SPX","*SPX RIC--0 DTE--Daily--v2.1",10,0.052,0.069,12.8,12.42,-1.3,4.9,6.85,-98.63
"2023-12-19","12:27:00",4758.34,"4 Dec 19 4755 P BTO 3.30 | 4 Dec 19 4760 C BTO 4.25 | 4 Dec 19 4795 C STO 0.10 | 4 Dec 19 4725 P STO 0.20",-735,4768.37,"2023-12-19","16:00:00",0,-837,"Expired",388,13.197278911564625,4,151870,2940,"SPX","*SPX RIC--0 DTE--Daily--v2.1",20,0.04,0.011,12.39,12.48,3.16,14.62,13.88,-72.79
"2023-12-15","09:45:00",4715.21,"1 Dec 15 4710 P BTO 7.35 | 1 Dec 15 4715 C BTO 10.15 | 1 Dec 15 4750 C STO 1.00 | 1 Dec 15 4680 P STO 1.05",-1555,4719.19,"2023-12-15","16:00:00",0,-419,"Expired",-1141,-73.37620578778134,1,151482,1555,"SPX","*SPX RIC--0 DTE--Daily--v2.1",5,0.117,0.111,12.04,12.32,-5.32,0.98,0,-87.46
"2023-12-12","10:02:00",4618.26,"2 Dec 12 4615 P BTO 6.75 | 2 Dec 12 4620 C BTO 7.25 | 2 Dec 12 4655 C STO 0.35 | 2 Dec 12 4585 P STO 0.75",-1300,4643.7,"2023-12-12","16:00:00",0,-2370,"Expired",2130,81.92307692307692,2,152623,2600,"SPX","*SPX RIC--0 DTE--Daily--v2.1",10,0.079,0.004,12.37,12.04,-4.14,-0.04,82.31,-20.77
"2023-12-08","12:04:00",4586.02,"3 Dec 8 4580 P BTO 3.55 | 3 Dec 8 4585 C BTO 6.70 | 3 Dec 8 4620 C STO 0.25 | 3 Dec 8 4550 P STO 0.30",-980,4604.37,"2023-12-08","16:00:00",0,-1937,"Expired",2856,97.14285714285714,3,150493,2940,"SPX","*SPX RIC--0 DTE--Daily--v2.1",15,0.054,0.005,12.68,12.46,-9.39,9.82,148.98,-10.2
"2023-12-01","10:53:00",4567.48,"1 Dec 1 4560 P BTO 6.25 | 1 Dec 1 4565 C BTO 11.20 | 1 Dec 1 4600 C STO 1.05 | 1 Dec 1 4530 P STO 0.85",-1565,4594.63,"2023-12-01","16:00:00",0,-2963,"Expired",1393,89.00958466453675,1,147637,1565,"SPX","*SPX RIC--0 DTE--Daily--v2.1",5,0.109,0.004,12.75,12.63,-8.37,8.05,98.4,-12.46
"2023-11-17","09:46:00",4505.39,"2 Nov 17 4500 P BTO 6.85 | 2 Nov 17 4505 C BTO 9.25 | 2 Nov 17 4540 C STO 0.70 | 2 Nov 17 4470 P STO 1.05",-1445,4514.02,"2023-11-17","16:00:00",0,-902,"Expired",-1096,-37.923875432525946,2,146244,2890,"SPX","*SPX RIC--0 DTE--Daily--v2.1",10,0.109,0.011,13.96,13.78,1.31,-4.16,5.88,-66.09
"2023-11-16","09:46:00",4505.25,"2 Nov 16 4500 P BTO 6.45 | 2 Nov 16 4505 C BTO 8.70 | 2 Nov 16 4540 C STO 0.60 | 2 Nov 16 4470 P STO 0.95",-1370,4508.24,"2023-11-16","16:00:00",0,-324,"Expired",-2102,-76.71532846715328,2,147340,2740,"SPX","*SPX RIC--0 DTE--Daily--v2.1",10,0.102,0.028,13.86,14.26,-5.8,8.17,12.41,-88.69
"2023-11-10","09:47:00",4368.91,"1 Nov 10 4365 P BTO 7.40 | 1 Nov 10 4370 C BTO 9.15 | 1 Nov 10 4405 C STO 0.45 | 1 Nov 10 4335 P STO 1.40",-1480,4415.24,"2023-11-10","16:00:00",0,-3500,"Expired",2015,136.14864864864865,1,149442,1480,"SPX","*SPX RIC--0 DTE--Daily--v2.1",5,0.112,0.23,14.79,14.23,16.8,4.76,136.49,-19.93
"2023-11-03","09:42:00",4349.21,"1 Nov 3 4340 P BTO 7.60 | 1 Nov 3 4350 C BTO 10.85 | 1 Nov 3 4385 C STO 1.00 | 1 Nov 3 4315 P STO 2.50",-1505,4358.34,"2023-11-03","16:00:00",0,-834,"Expired",-676,-44.91694352159468,1,147427,1505,"SPX","*SPX RIC--0 DTE--Daily--v2.1",5,0.19,0.011,15.09,15.11,16.45,14.98,56.48,-44.58
"2023-11-02","10:01:00",4287.74,"2 Nov 2 4280 P BTO 7.50 | 2 Nov 2 4290 C BTO 9.05 | 2 Nov 2 4325 C STO 0.60 | 2 Nov 2 4255 P STO 1.95",-1410,4317.78,"2023-11-02","16:00:00",0,-2778,"Expired",2726,96.66666666666667,2,148103,2820,"SPX","*SPX RIC--0 DTE--Daily--v2.1",10,0.154,0.003,16.15,15.58,30.4,19.48,110.28,-14.89
"2023-10-31","10:13:00",4168.68,"1 Oct 31 4160 P BTO 7.50 | 1 Oct 31 4170 C BTO 10.10 | 1 Oct 31 4205 C STO 1.05 | 1 Oct 31 4135 P STO 2.05",-1460,4193.8,"2023-10-31","16:00:00",0,-2380,"Expired",915,62.671232876712324,1,145377,1460,"SPX","*SPX RIC--0 DTE--Daily--v2.1",5,0.176,0.004,19.32,18.04,4.51,-2.65,74.66,-32.53
"2023-10-30","11:13:00",4148.17,"1 Oct 30 4140 P BTO 7.50 | 1 Oct 30 4150 C BTO 9.90 | 1 Oct 30 4185 C STO 0.85 | 1 Oct 30 4115 P STO 1.85",-1480,4166.82,"2023-10-30","16:00:00",0,-1682,"Expired",197,13.31081081081081,1,144462,1480,"SPX","*SPX RIC--0 DTE--Daily--v2.1",5,0.155,0.006,20.3,19.76,22.02,8.78,79.39,-24.66
"2023-10-27","11:06:00",4148.47,"1 Oct 27 4140 P BTO 7.85 | 1 Oct 27 4150 C BTO 11.20 | 1 Oct 27 4185 C STO 1.50 | 1 Oct 27 4115 P STO 2.00",-1565,4117.37,"2023-10-27","16:00:00",0,-2263,"Expired",693,44.281150159744406,1,144265,1565,"SPX","*SPX RIC--0 DTE--Daily--v2.1",5,0.184,0.009,19.95,21.29,15.7,-4.46,57.83,-23.32
"2023-10-24","10:29:00",4253.25,"1 Oct 24 4245 P BTO 7.65 | 1 Oct 24 4255 C BTO 10.45 | 1 Oct 24 4290 C STO 0.90 | 1 Oct 24 4220 P STO 2.20",-1510,4247.68,"2023-10-24","16:00:00",0,0,"Expired",-1515,-100.33112582781456,1,143572,1510,"SPX","*SPX RIC--0 DTE--Daily--v2.1",5,0.171,1,19.29,19.09,18.75,17.46,21.85,-100
"2023-10-19","12:22:00",4338.83,"1 Oct 19 4330 P BTO 7.45 | 1 Oct 19 4340 C BTO 10.95 | 1 Oct 19 4375 C STO 1.40 | 1 Oct 19 4305 P STO 2.15",-1495,4278,"2023-10-19","16:00:00",0,-2500,"Expired",1000,66.88963210702342,1,145087,1495,"SPX","*SPX RIC--0 DTE--Daily--v2.1",5,0.193,0.535,18.75,20.9,6.76,17.47,68.9,-18.73
"2023-10-16","09:35:00",4358.56,"1 Oct 16 4350 P BTO 8.40 | 1 Oct 16 4360 C BTO 10.80 | 1 Oct 16 4395 C STO 1.15 | 1 Oct 16 4325 P STO 2.70",-1545,4373.63,"2023-10-16","16:00:00",0,-1363,"Expired",-187,-12.103559870550162,1,144087,1545,"SPX","*SPX RIC--0 DTE--Daily--v2.1",5,0.201,0.008,18.04,17.31,14.59,16.19,48.22,-21.36
"2023-10-12","10:28:00",4379.43,"1 Oct 12 4375 P BTO 8.35 | 1 Oct 12 4380 C BTO 9.65 | 1 Oct 12 4415 C STO 0.95 | 1 Oct 12 4345 P STO 1.50",-1565,4349.61,"2023-10-12","16:00:00",0,-2539,"Expired",969,61.91693290734824,1,144274,1565,"SPX","*SPX RIC--0 DTE--Daily--v2.1",5,0.136,0.004,15.67,16.77,3.99,-1.51,83.71,-25.88
"2023-10-11","11:03:00",4370.27,"1 Oct 11 4365 P BTO 7.85 | 1 Oct 11 4370 C BTO 10.25 | 1 Oct 11 4405 C STO 0.90 | 1 Oct 11 4335 P STO 1.30",-1600,4376.95,"2023-10-11","16:00:00",0,-695,"Expired",-910,-56.875,1,143305,1600,"SPX","*SPX RIC--0 DTE--Daily--v2.1",5,0.122,0.014,16.35,16.28,8.35,3.68,16.25,-79.38
"2023-10-10","09:50:00",4343.51,"1 Oct 10 4335 P BTO 7.50 | 1 Oct 10 4345 C BTO 10.40 | 1 Oct 10 4380 C STO 1.05 | 1 Oct 10 4310 P STO 1.80",-1515,4358.24,"2023-10-10","16:00:00",0,-1324,"Expired",-196,-12.937293729372938,1,144215,1515,"SPX","*SPX RIC--0 DTE--Daily--v2.1",5,0.159,0.009,17.31,17.08,4.09,3.76,98.68,-18.81
"2023-10-04","10:14:00",4233.52,"1 Oct 4 4225 P BTO 8.75 | 1 Oct 4 4235 C BTO 11.45 | 1 Oct 4 4270 C STO 1.35 | 1 Oct 4 4200 P STO 2.95",-1600,4263.75,"2023-10-04","16:00:00",0,-2875,"Expired",1270,79.375,1,144411,1600,"SPX","*SPX RIC--0 DTE--Daily--v2.1",5,0.213,0.004,19.29,18.46,4.38,-0.31,97.5,-44.38
"2023-09-29","09:57:00",4327.9,"1 Sep 29 4320 P BTO 9.20 | 1 Sep 29 4330 C BTO 11.25 | 1 Sep 29 4365 C STO 1.55 | 1 Sep 29 4295 P STO 3.10",-1590,4288.05,"2023-09-29","16:00:00",0,-2500,"Expired",905,56.91823899371069,1,143141,1590,"SPX","*SPX RIC--0 DTE--Daily--v2.1",5,0.227,0.289,15.99,17.65,28.48,-0.28,57.23,-20.75
"2023-09-22","09:37:00",4338.98,"1 Sep 22 4330 P BTO 7.60 | 1 Sep 22 4340 C BTO 9.90 | 1 Sep 22 4375 C STO 1.05 | 1 Sep 22 4305 P STO 2.25",-1430,4320.06,"2023-09-22","16:00:00",0,-994,"Expired",-441,-30.83916083916084,1,142236,1430,"SPX","*SPX RIC--0 DTE--Daily--v2.1",5,0.189,0.009,16.85,17.21,11.74,-2.76,30.42,-82.17
"2023-09-14","09:47:00",4489,"2 Sep 14 4485 P BTO 6.30 | 2 Sep 14 4490 C BTO 8.00 | 2 Sep 14 4525 C STO 0.35 | 2 Sep 14 4455 P STO 0.90",-1315,4505.1,"2023-09-14","16:00:00",0,-1510,"Expired",380,14.44866920152091,2,142677,2630,"SPX","*SPX RIC--0 DTE--Daily--v2.1",10,0.087,0.006,13.14,12.88,20.34,1.22,70.72,-19.01
"2023-09-13","10:00:00",4472.48,"2 Sep 13 4465 P BTO 5.60 | 2 Sep 13 4475 C BTO 7.25 | 2 Sep 13 4505 C STO 0.45 | 2 Sep 13 4435 P STO 0.70",-1180,4467.44,"2023-09-13","16:00:00",0,0,"Expired",-2370,-100.42372881355932,2,142297,2360,"SPX","*SPX RIC--0 DTE--Daily--v2.1",10,0.089,1,13.71,13.52,0.75,9.83,19.07,-100
"2023-09-01","10:11:00",4532.44,"2 Sep 1 4525 P BTO 5.60 | 2 Sep 1 4530 C BTO 9.75 | 2 Sep 1 4565 C STO 0.60 | 2 Sep 1 4495 P STO 0.90",-1395,4515.77,"2023-09-01","16:00:00",0,-923,"Expired",-954,-34.193548387096776,2,144667,2790,"SPX","*SPX RIC--0 DTE--Daily--v2.1",10,0.098,0.009,13.15,13.13,22.94,1.84,47.67,-43.01
"2023-08-30","09:53:00",4513.34,"2 Aug 30 4505 P BTO 6.85 | 2 Aug 30 4515 C BTO 9.50 | 2 Aug 30 4550 C STO 1.10 | 2 Aug 30 4480 P STO 1.80",-1355,4514.87,"2023-08-30","16:00:00",0,0,"Expired",-2720,-100.36900369003689,2,145621,2710,"SPX","*SPX RIC--0 DTE--Daily--v2.1",10,0.177,0.2,14.19,13.86,2.71,13,8.49,-100
"2023-08-25","11:35:00",4384.09,"1 Aug 25 4375 P BTO 7.85 | 1 Aug 25 4385 C BTO 11.95 | 1 Aug 25 4420 C STO 1.80 | 1 Aug 25 4350 P STO 2.25",-1585,4405.71,"2023-08-25","16:00:00",0,-2071,"Expired",481,30.347003154574132,1,148341,1585,"SPX","*SPX RIC--0 DTE--Daily--v2.1",5,0.205,0.005,16.53,15.66,13.07,-5.29,91.8,-28.08
"2023-08-23","09:48:00",4407.64,"2 Aug 23 4400 P BTO 7.55 | 2 Aug 23 4410 C BTO 9.30 | 2 Aug 23 4445 C STO 0.55 | 2 Aug 23 4375 P STO 1.85",-1455,4436.01,"2023-08-23","16:00:00",0,-2601,"Expired",2282,78.4192439862543,2,147860,2910,"SPX","*SPX RIC--0 DTE--Daily--v2.1",10,0.142,0.004,16.54,15.98,8.89,11.2,107.9,-7.56
"2023-08-16","09:40:00",4443.42,"1 Aug 16 4435 P BTO 7.25 | 1 Aug 16 4445 C BTO 10.00 | 1 Aug 16 4480 C STO 1.00 | 1 Aug 16 4410 P STO 1.75",-1460,4404.33,"2023-08-16","16:00:00",0,-2500,"Expired",1035,70.8904109589041,1,145578,1460,"SPX","*SPX RIC--0 DTE--Daily--v2.1",5,0.159,0.178,16.04,16.83,-4.07,9.63,72.26,-49.32
"2023-08-10","09:35:00",4503.55,"1 Aug 10 4495 P BTO 7.90 | 1 Aug 10 4505 C BTO 10.90 | 1 Aug 10 4540 C STO 1.25 | 1 Aug 10 4470 P STO 2.70",-1495,4468.83,"2023-08-10","16:00:00",0,-2500,"Expired",1000,66.88963210702342,1,144543,1495,"SPX","*SPX RIC--0 DTE--Daily--v2.1",5,0.21,0.051,14.9,15.87,19.45,16.39,67.22,-26.09
"2023-08-09","09:47:00",4495.8,"1 Aug 9 4490 P BTO 6.50 | 1 Aug 9 4495 C BTO 9.80 | 1 Aug 9 4530 C STO 0.70 | 1 Aug 9 4460 P STO 0.95",-1475,4467.71,"2023-08-09","16:00:00",0,-2229,"Expired",749,50.77966101694915,1,143543,1475,"SPX","*SPX RIC--0 DTE--Daily--v2.1",5,0.101,0.004,15.73,16.09,2.19,-5.77,57.29,-77.97
"2023-08-07","10:25:00",4507.54,"2 Aug 7 4500 P BTO 5.15 | 2 Aug 7 4510 C BTO 7.15 | 2 Aug 7 4545 C STO 0.25 | 2 Aug 7 4475 P STO 1.10",-1105,4518.44,"2023-08-07","16:00:00",0,-844,"Expired",-532,-24.07239819004525,2,142794,2210,"SPX","*SPX RIC--0 DTE--Daily--v2.1",10,0.11,0.012,16.33,15.82,13.55,15.96,0,-81
"2023-08-04","09:37:00",4527.82,"2 Aug 4 4520 P BTO 7.10 | 2 Aug 4 4530 C BTO 8.40 | 2 Aug 4 4565 C STO 0.50 | 2 Aug 4 4495 P STO 1.80",-1330,4478.03,"2023-08-04","16:00:00",0,-2500,"Expired",2330,87.59398496240601,2,143326,2660,"SPX","*SPX RIC--0 DTE--Daily--v2.1",10,0.148,0.4,14.9,17.17,12.07,13.86,88.35,-58.27
"2023-07-21","09:36:00",4552.32,"2 Jul 21 4545 P BTO 5.35 | 2 Jul 21 4555 C BTO 7.40 | 2 Jul 21 4585 C STO 0.75 | 2 Jul 21 4515 P STO 0.70",-1140,4536.34,"2023-07-21","16:00:00",0,-866,"Expired",-558,-24.47368421052632,2,140996,2280,"SPX","*SPX RIC--0 DTE--Daily--v2.1",10,0.114,0.011,13.68,13.62,15.29,2.16,19.74,-71.93
"2023-07-13","11:30:00",4494.55,"2 Jul 13 4490 P BTO 4.05 | 2 Jul 13 4495 C BTO 5.85 | 2 Jul 13 4530 C STO 0.15 | 2 Jul 13 4460 P STO 0.30",-955,4510.04,"2023-07-13","16:00:00",0,-1504,"Expired",1088,56.96335078534032,2,141554,1910,"SPX","*SPX RIC--0 DTE--Daily--v2.1",10,0.045,0.006,13.27,13.54,19.34,3.05,136.13,-19.37
"2023-07-12","10:28:00",4484.94,"2 Jul 12 4480 P BTO 5.35 | 2 Jul 12 4485 C BTO 7.75 | 2 Jul 12 4520 C STO 0.40 | 2 Jul 12 4450 P STO 0.65",-1215,4472.16,"2023-07-12","16:00:00",0,-784,"Expired",-872,-35.88477366255144,2,140466,2430,"SPX","*SPX RIC--0 DTE--Daily--v2.1",10,0.08,0.015,13.88,13.54,28.43,17.25,37.04,-62.14
"2023-07-11","10:36:00",4416.8,"2 Jul 11 4415 P BTO 5.90 | 2 Jul 11 4415 C BTO 8.00 | 2 Jul 11 4450 C STO 0.30 | 2 Jul 11 4380 P STO 0.30",-1340,4439.26,"2023-07-11","16:00:00",0,-2426,"Expired",2162,80.67164179104478,2,141338,2680,"SPX","*SPX RIC--0 DTE--Daily--v2.1",10,0.043,0.004,14.7,14.87,6.02,1.25,101.12,-42.91
"2023-06-30","10:52:00",4441.28,"2 Jun 30 4435 P BTO 5.60 | 2 Jun 30 4440 C BTO 9.45 | 2 Jun 30 4475 C STO 0.55 | 2 Jun 30 4405 P STO 1.10",-1350,4450.38,"2023-06-30","16:00:00",0,-1038,"Expired",-634,-23.48148148148148,2,139176,2700,"SPX","*SPX RIC--0 DTE--Daily--v2.1",10,0.11,0.011,13.23,13.32,26,18.84,39.63,-23.11
"2023-06-27","10:01:00",4343.54,"2 Jun 27 4340 P BTO 6.10 | 2 Jun 27 4345 C BTO 7.35 | 2 Jun 27 4380 C STO 0.35 | 2 Jun 27 4310 P STO 0.70",-1250,4378.41,"2023-06-27","16:00:00",0,-3341,"Expired",4172,166.88,2,139810,2500,"SPX","*SPX RIC--0 DTE--Daily--v2.1",10,0.078,0.003,13.95,13.75,8.54,6.18,176.4,-21.2
"2023-06-21","10:57:00",4366.8,"2 Jun 21 4360 P BTO 4.90 | 2 Jun 21 4365 C BTO 9.55 | 2 Jun 21 4400 C STO 0.80 | 2 Jun 21 4330 P STO 0.35",-1340,4365.69,"2023-06-21","16:00:00",0,-69,"Expired",-2552,-95.22388059701493,2,135638,2680,"SPX","*SPX RIC--0 DTE--Daily--v2.1",10,0.08,0.111,13.46,13.21,-8.7,-13.21,52.61,-94.85
"2023-06-16","10:05:00",4434.62,"1 Jun 16 4430 P BTO 8.60 | 1 Jun 16 4435 C BTO 10.80 | 1 Jun 16 4470 C STO 1.80 | 1 Jun 16 4400 P STO 1.70",-1600,4409.59,"2023-06-16","16:00:00",0,-2041,"Expired",436,27.250000000000004,1,138190,1600,"SPX","*SPX RIC--0 DTE--Daily--v2.1",5,0.18,0.005,14.26,13.55,15.11,-6.33,27.56,-54.06
"2023-06-02","10:06:00",4251.23,"1 Jun 2 4245 P BTO 7.50 | 1 Jun 2 4250 C BTO 10.60 | 1 Jun 2 4285 C STO 1.05 | 1 Jun 2 4215 P STO 1.35",-1580,4282.37,"2023-06-02","16:00:00",0,-3237,"Expired",1652,104.55696202531645,1,137754,1580,"SPX","*SPX RIC--0 DTE--Daily--v2.1",5,0.133,0.003,14.97,14.56,19.99,10.22,112.97,-4.11
"2023-06-01","09:40:00",4179.93,"1 Jun 1 4175 P BTO 7.50 | 1 Jun 1 4180 C BTO 9.40 | 1 Jun 1 4215 C STO 0.75 | 1 Jun 1 4145 P STO 1.20",-1505,4221.02,"2023-06-01","16:00:00",0,-3500,"Expired",1990,132.22591362126246,1,136102,1505,"SPX","*SPX RIC--0 DTE--Daily--v2.1",5,0.115,0.128,17.18,15.76,3.2,-3.1,132.56,-16.61
"2023-05-26","09:40:00",4168.65,"1 May 26 4160 P BTO 8.30 | 1 May 26 4170 C BTO 11.20 | 1 May 26 4205 C STO 1.25 | 1 May 26 4135 P STO 2.40",-1595,4205.45,"2023-05-26","16:00:00",0,-3500,"Expired",1900,119.12225705329153,1,134112,1595,"SPX","*SPX RIC--0 DTE--Daily--v2.1",5,0.187,0.014,18.31,18.02,4.88,12.49,119.44,-3.45
"2023-05-25","11:08:00",4146.62,"1 May 25 4140 P BTO 5.95 | 1 May 25 4145 C BTO 9.70 | 1 May 25 4180 C STO 0.70 | 1 May 25 4110 P STO 1.00",-1405,4151.28,"2023-05-25","16:00:00",0,-628,"Expired",-782,-55.65836298932384,1,132212,1405,"SPX","*SPX RIC--0 DTE--Daily--v2.1",5,0.109,0.017,18.95,19.07,40.47,-9.09,45.91,-55.3
"2023-05-17","11:41:00",4132.06,"2 May 17 4130 P BTO 5.35 | 2 May 17 4130 C BTO 7.30 | 2 May 17 4165 C STO 0.25 | 2 May 17 4095 P STO 0.40",-1210,4158.77,"2023-05-17","16:00:00",0,-2877,"Expired",3324,137.35537190082644,2,132994,2420,"SPX","*SPX RIC--0 DTE--Daily--v2.1",10,0.051,0.004,17.1,16.81,12.95,9.21,156.2,-5.37
"2023-05-12","09:44:00",4143.49,"1 May 12 4140 P BTO 7.20 | 1 May 12 4145 C BTO 8.35 | 1 May 12 4180 C STO 0.40 | 1 May 12 4110 P STO 1.40",-1385,4124.08,"2023-05-12","16:00:00",0,-1592,"Expired",202,14.584837545126353,1,129670,1385,"SPX","*SPX RIC--0 DTE--Daily--v2.1",5,0.116,0.006,16.45,16.87,7.92,4.95,105.42,-3.61
"2023-05-05","09:41:00",4109.33,"1 May 5 4100 P BTO 8.35 | 1 May 5 4110 C BTO 11.90 | 1 May 5 4145 C STO 1.45 | 1 May 5 4075 P STO 2.95",-1595,4136.25,"2023-05-05","16:00:00",0,-2625,"Expired",1025,64.26332288401254,1,129468,1595,"SPX","*SPX RIC--0 DTE--Daily--v2.1",5,0.217,0.004,17.97,16.99,23.51,24.6,97.49,-31.66
"2023-04-28","09:55:00",4138.12,"1 Apr 28 4135 P BTO 7.80 | 1 Apr 28 4140 C BTO 7.80 | 1 Apr 28 4175 C STO 0.45 | 1 Apr 28 4105 P STO 1.65",-1360,4169.48,"2023-04-28","16:00:00",0,-2948,"Expired",1583,116.39705882352942,1,128443,1360,"SPX","*SPX RIC--0 DTE--Daily--v2.1",5,0.135,0.003,16.58,15.9,-5.72,8.49,116.76,-5.15
"2023-04-27","09:37:00",4084.55,"1 Apr 27 4080 P BTO 7.25 | 1 Apr 27 4085 C BTO 8.00 | 1 Apr 27 4120 C STO 0.25 | 1 Apr 27 4050 P STO 1.55",-1355,4135.35,"2023-04-27","16:00:00",0,-3500,"Expired",2140,157.93357933579335,1,126860,1355,"SPX","*SPX RIC--0 DTE--Daily--v2.1",5,0.118,0.31,17.79,16.99,19.3,9.26,158.3,-4.8
"2023-04-13","10:14:00",4112.94,"1 Apr 13 4110 P BTO 7.45 | 1 Apr 13 4115 C BTO 7.60 | 1 Apr 13 4150 C STO 0.35 | 1 Apr 13 4080 P STO 1.30",-1350,4146.22,"2023-04-13","16:00:00",0,-3122,"Expired",1767,130.88888888888889,1,124720,1350,"SPX","*SPX RIC--0 DTE--Daily--v2.1",5,0.11,0.003,18.34,17.83,8.09,12.9,144.07,-9.26
"2023-03-31","10:28:00",4071.97,"1 Mar 31 4065 P BTO 5.35 | 1 Mar 31 4070 C BTO 9.10 | 1 Mar 31 4105 C STO 0.50 | 1 Mar 31 4035 P STO 1.45",-1260,4109.31,"2023-03-31","16:00:00",0,-3500,"Expired",2235,177.38095238095238,1,122953,1260,"SPX","*SPX RIC--0 DTE--Daily--v2.1",5,0.135,0.115,18.74,18.87,5.35,15.79,177.78,-4.76
"2023-03-23","10:39:00",3983.06,"1 Mar 23 3975 P BTO 9.40 | 1 Mar 23 3985 C BTO 11.20 | 1 Mar 23 4020 C STO 1.10 | 1 Mar 23 3950 P STO 3.85",-1575,3948.72,"2023-03-23","16:00:00",0,-2500,"Expired",920,58.41269841269842,1,120718,1575,"SPX","*SPX RIC--0 DTE--Daily--v2.1",5,0.24,0.083,20.6,22.87,22.24,23.85,58.73,-29.52
"2023-03-21","09:59:00",3994.06,"1 Mar 21 3985 P BTO 8.30 | 1 Mar 21 3995 C BTO 11.00 | 1 Mar 21 4030 C STO 1.10 | 1 Mar 21 3960 P STO 2.65",-1565,4002.87,"2023-03-21","16:00:00",0,-787,"Expired",-783,-50.031948881789134,1,119798,1565,"SPX","*SPX RIC--0 DTE--Daily--v2.1",5,0.194,0.012,22.28,21.46,24.32,18.17,0.96,-73.8
"2023-03-14","11:00:00",3923.28,"1 Mar 14 3915 P BTO 9.85 | 1 Mar 14 3925 C BTO 11.20 | 1 Mar 14 3960 C STO 1.30 | 1 Mar 14 3890 P STO 3.85",-1600,3919.29,"2023-03-14","16:00:00",0,0,"Expired",-1605,-100.3125,1,120581,1600,"SPX","*SPX RIC--0 DTE--Daily--v2.1",5,0.245,1,22.81,23.72,38.25,29.27,47.5,-100
"2023-03-03","10:05:00",4002.83,"1 Mar 3 3995 P BTO 8.50 | 1 Mar 3 4005 C BTO 10.50 | 1 Mar 3 4040 C STO 1.20 | 1 Mar 3 3970 P STO 2.55",-1535,4045.64,"2023-03-03","16:00:00",0,-3500,"Expired",1960,127.6872964169381,1,122186,1535,"SPX","*SPX RIC--0 DTE--Daily--v2.1",5,0.197,0.142,19.15,18.5,16.67,4.81,128.01,-3.26
"2023-02-27","09:53:00",4003.18,"1 Feb 27 3995 P BTO 8.45 | 1 Feb 27 4005 C BTO 10.95 | 1 Feb 27 4040 C STO 1.20 | 1 Feb 27 3970 P STO 2.65",-1565,3982.24,"2023-02-27","16:00:00",0,-1276,"Expired",-294,-18.78594249201278,1,120226,1565,"SPX","*SPX RIC--0 DTE--Daily--v2.1",5,0.198,0.008,21,20.96,22.32,10.82,21.41,-54.31
"2023-02-23","09:53:00",4024.48,"1 Feb 23 4015 P BTO 7.90 | 1 Feb 23 4025 C BTO 11.50 | 1 Feb 23 4060 C STO 1.45 | 1 Feb 23 3990 P STO 2.30",-1575,4012.32,"2023-02-23","16:00:00",0,-268,"Expired",-1312,-83.3015873015873,1,120520,1575,"SPX","*SPX RIC--0 DTE--Daily--v2.1",5,0.193,0.041,21.3,21.11,27.55,5.88,42.22,-93.97
"2023-02-15","10:26:00",4117.46,"1 Feb 15 4110 P BTO 8.55 | 1 Feb 15 4120 C BTO 10.00 | 1 Feb 15 4150 C STO 1.90 | 1 Feb 15 4080 P STO 1.85",-1490,4147.6,"2023-02-15","16:00:00",0,-2760,"Expired",1265,84.8993288590604,1,121832,1490,"SPX","*SPX RIC--0 DTE--Daily--v2.1",5,0.202,0.004,18.51,18.26,-16.63,-2.04,85.23,-27.18
"2023-02-14","11:26:00",4124.15,"1 Feb 14 4115 P BTO 8.60 | 1 Feb 14 4125 C BTO 11.95 | 1 Feb 14 4160 C STO 1.85 | 1 Feb 14 4090 P STO 2.85",-1595,4136.13,"2023-02-14","16:00:00",0,-1113,"Expired",-487,-30.532915360501566,1,120567,1595,"SPX","*SPX RIC--0 DTE--Daily--v2.1",5,0.229,0.01,19.16,18.69,-10.59,-2.55,26.65,-30.22
"2023-01-20","09:49:00",3908.47,"1 Jan 20 3900 P BTO 8.80 | 1 Jan 20 3910 C BTO 11.05 | 1 Jan 20 3945 C STO 1.60 | 1 Jan 20 3875 P STO 2.60",-1575,3972.61,"2023-01-20","16:00:00",0,-3500,"Expired",1920,121.90476190476191,1,121054,1575,"SPX","*SPX RIC--0 DTE--Daily--v2.1",5,0.212,0.433,20.27,19.78,10.19,-0.57,122.22,-6.03
"2023-01-12","11:27:00",3967.64,"1 Jan 12 3960 P BTO 9.00 | 1 Jan 12 3970 C BTO 10.85 | 1 Jan 12 4005 C STO 1.55 | 1 Jan 12 3935 P STO 2.60",-1580,3983.17,"2023-01-12","16:00:00",0,-1317,"Expired",-268,-16.962025316455694,1,119134,1580,"SPX","*SPX RIC--0 DTE--Daily--v2.1",5,0.209,0.008,19.42,18.88,7.96,-9.93,52.85,-69.94
"2023-01-06","10:43:00",3863.1,"1 Jan 6 3855 P BTO 8.55 | 1 Jan 6 3865 C BTO 11.35 | 1 Jan 6 3900 C STO 1.40 | 1 Jan 6 3830 P STO 2.85",-1575,3895.08,"2023-01-06","16:00:00",0,-3008,"Expired",1428,90.66666666666666,1,119402,1575,"SPX","*SPX RIC--0 DTE--Daily--v2.1",5,0.214,0.003,21.51,21.12,15.27,39.73,117.14,-22.86
"2022-12-29","09:42:00",3827.67,"1 Dec 29 3820 P BTO 8.80 | 1 Dec 29 3830 C BTO 10.80 | 1 Dec 29 3865 C STO 1.20 | 1 Dec 29 3795 P STO 3.10",-1540,3849.28,"2022-12-29","16:00:00",0,-1928,"Expired",383,24.87012987012987,1,117974,1540,"SPX","*SPX RIC--0 DTE--Daily--v2.1",5,0.219,0.005,21.66,21.45,22.23,22.22,67.86,-7.79
"2022-12-23","10:34:00",3834.7,"1 Dec 23 3825 P BTO 8.60 | 1 Dec 23 3835 C BTO 12.75 | 1 Dec 23 3870 C STO 2.50 | 1 Dec 23 3800 P STO 3.00",-1595,3844.82,"2022-12-23","16:00:00",0,-982,"Expired",-618,-38.7460815047022,1,117591,1595,"SPX","*SPX RIC--0 DTE--Daily--v2.1",5,0.258,0.012,21.45,20.94,-7.28,19.59,7.84,-79.62
"2022-12-21","10:03:00",3857.52,"1 Dec 21 3850 P BTO 8.20 | 1 Dec 21 3860 C BTO 10.35 | 1 Dec 21 3895 C STO 1.20 | 1 Dec 21 3825 P STO 2.40",-1505,3878.44,"2022-12-21","16:00:00",0,-1844,"Expired",334,22.19269102990033,1,118209,1505,"SPX","*SPX RIC--0 DTE--Daily--v2.1",5,0.194,0.006,20.2,20.08,17.87,18.03,80.07,-40.86
"2022-11-22","10:02:00",3968.27,"1 Nov 22 3960 P BTO 7.15 | 1 Nov 22 3970 C BTO 9.85 | 1 Nov 22 4005 C STO 0.80 | 1 Nov 22 3935 P STO 1.65",-1465,4003.58,"2022-11-22","16:00:00",0,-3358,"Expired",1888,128.87372013651876,1,117875,1465,"SPX","*SPX RIC--0 DTE--Daily--v2.1",5,0.144,0.007,21.92,21.37,15.57,2.76,138.57,-11.26
"2022-11-10","11:46:00",3919.41,"1 Nov 10 3910 P BTO 8.30 | 1 Nov 10 3920 C BTO 12.10 | 1 Nov 10 3955 C STO 1.45 | 1 Nov 10 3885 P STO 3.05",-1600,3956.37,"2022-11-10","16:00:00",0,-3500,"Expired",1895,118.4375,1,115987,1600,"SPX","*SPX RIC--0 DTE--Daily--v2.1",5,0.221,0.013,22.98,23.4,111.32,59.52,118.75,-35.31
"2022-10-28","11:08:00",3863.43,"1 Oct 28 3855 P BTO 8.65 | 1 Oct 28 3865 C BTO 11.65 | 1 Oct 28 3900 C STO 1.70 | 1 Oct 28 3830 P STO 2.75",-1595,3901.06,"2022-10-28","16:00:00",0,-3500,"Expired",1900,119.12225705329153,1,114092,1595,"SPX","*SPX RIC--0 DTE--Daily--v2.1",5,0.219,0.039,26.58,26.02,0.96,55.17,119.44,-13.48
"2022-10-26","10:58:00",3862.53,"1 Oct 26 3855 P BTO 8.65 | 1 Oct 26 3865 C BTO 10.85 | 1 Oct 26 3900 C STO 1.35 | 1 Oct 26 3830 P STO 2.75",-1550,3830.6,"2022-10-26","16:00:00",0,-2440,"Expired",885,57.096774193548384,1,112192,1550,"SPX","*SPX RIC--0 DTE--Daily--v2.1",5,0.21,0.011,27.61,27.42,-33.14,36.56,57.42,-35.81
"2022-10-25","11:08:00",3838.93,"1 Oct 25 3830 P BTO 8.30 | 1 Oct 25 3840 C BTO 11.70 | 1 Oct 25 3875 C STO 1.50 | 1 Oct 25 3805 P STO 3.00",-1560,3859.11,"2022-10-25","16:00:00",0,-1911,"Expired",346,22.17948717948718,1,111307,1560,"SPX","*SPX RIC--0 DTE--Daily--v2.1",5,0.225,0.005,29.14,28.32,2.1,39.49,47.12,-37.18
"2022-10-17","12:27:00",3678.03,"1 Oct 17 3670 P BTO 8.85 | 1 Oct 17 3680 C BTO 11.30 | 1 Oct 17 3715 C STO 1.30 | 1 Oct 17 3645 P STO 3.05",-1590,3677.95,"2022-10-17","16:00:00",0,0,"Expired",-1595,-100.31446540880505,1,110961,1590,"SPX","*SPX RIC--0 DTE--Daily--v2.1",5,0.216,0.667,30.97,31.23,55.58,39.38,5.97,-100
"2022-10-03","12:19:00",3657.61,"1 Oct 3 3650 P BTO 9.40 | 1 Oct 3 3660 C BTO 10.90 | 1 Oct 3 3695 C STO 0.95 | 1 Oct 3 3625 P STO 3.50",-1595,3678.43,"2022-10-03","16:00:00",0,-1843,"Expired",243,15.235109717868339,1,112556,1595,"SPX","*SPX RIC--0 DTE--Daily--v2.1",5,0.219,0.006,30.33,30.19,24.16,47.83,91.22,-10.97
"2022-09-09","11:36:00",4058.15,"1 Sep 9 4050 P BTO 8.70 | 1 Sep 9 4060 C BTO 11.00 | 1 Sep 9 4095 C STO 1.10 | 1 Sep 9 4025 P STO 3.25",-1545,4067.36,"2022-09-09","16:00:00",0,-736,"Expired",-814,-52.68608414239482,1,112313,1545,"SPX","*SPX RIC--0 DTE--Daily--v2.1",5,0.221,0.012,22.72,22.93,16.76,35.21,7.12,-52.36
"2022-09-07","11:16:00",3942.59,"1 Sep 7 3935 P BTO 9.65 | 1 Sep 7 3945 C BTO 11.30 | 1 Sep 7 3980 C STO 1.50 | 1 Sep 7 3910 P STO 3.65",-1590,3979.87,"2022-09-07","16:00:00",0,-3487,"Expired",1892,118.99371069182389,1,113127,1590,"SPX","*SPX RIC--0 DTE--Daily--v2.1",5,0.246,0.014,25.52,24.71,1.24,33.16,119.31,-8.49
"2022-09-02","11:07:00",4014.05,"1 Sep 2 4005 P BTO 8.40 | 1 Sep 2 4015 C BTO 12.10 | 1 Sep 2 4050 C STO 1.85 | 1 Sep 2 3980 P STO 2.80",-1595,3924.26,"2022-09-02","16:00:00",0,-2500,"Expired",900,56.42633228840125,1,111235,1595,"SPX","*SPX RIC--0 DTE--Daily--v2.1",5,0.227,0.689,23.29,25.59,27.81,19.39,60.5,-14.73
"2022-08-31","11:57:00",3993.98,"1 Aug 31 3985 P BTO 8.00 | 1 Aug 31 3995 C BTO 11.40 | 1 Aug 31 4030 C STO 1.40 | 1 Aug 31 3960 P STO 2.20",-1590,3955,"2022-08-31","16:00:00",0,-2500,"Expired",905,56.91823899371069,1,110335,1590,"SPX","*SPX RIC--0 DTE--Daily--v2.1",5,0.186,0.177,25.57,25.93,14.51,-6.69,61.01,-51.26
"2022-08-24","09:43:00",4128.26,"1 Aug 24 4120 P BTO 8.60 | 1 Aug 24 4130 C BTO 10.95 | 1 Aug 24 4165 C STO 1.55 | 1 Aug 24 4095 P STO 2.25",-1585,4140.77,"2022-08-24","16:00:00",0,-1077,"Expired",-513,-32.36593059936909,1,109430,1585,"SPX","*SPX RIC--0 DTE--Daily--v2.1",5,0.194,0.008,23.65,22.86,-2.18,1.71,50.16,-55.21
"2022-08-12","10:13:00",4233.33,"1 Aug 12 4225 P BTO 7.25 | 1 Aug 12 4235 C BTO 10.05 | 1 Aug 12 4270 C STO 0.75 | 1 Aug 12 4200 P STO 2.25",-1440,4280.15,"2022-08-12","16:00:00",0,-3500,"Expired",2055,142.70833333333331,1,109943,1440,"SPX","*SPX RIC--0 DTE--Daily--v2.1",5,0.173,0.219,19.7,19.56,17.75,8.31,143.06,-16.32
"2022-08-10","10:10:00",4193.62,"1 Aug 10 4185 P BTO 8.60 | 1 Aug 10 4195 C BTO 11.45 | 1 Aug 10 4230 C STO 1.30 | 1 Aug 10 4160 P STO 3.05",-1580,4210.24,"2022-08-10","16:00:00",0,-1524,"Expired",-61,-3.860759493670886,1,107888,1580,"SPX","*SPX RIC--0 DTE--Daily--v2.1",5,0.217,0.007,20.14,19.68,58.55,12.6,20.25,-64.24
"2022-08-03","10:29:00",4128.21,"1 Aug 3 4120 P BTO 7.95 | 1 Aug 3 4130 C BTO 11.40 | 1 Aug 3 4165 C STO 1.40 | 1 Aug 3 4095 P STO 2.20",-1585,4155.17,"2022-08-03","16:00:00",0,-2517,"Expired",927,58.48580441640379,1,107949,1585,"SPX","*SPX RIC--0 DTE--Daily--v2.1",5,0.186,0.004,22.34,21.89,16.77,20.25,107.57,-10.09
"2022-07-29","11:43:00",4103.95,"1 Jul 29 4095 P BTO 7.55 | 1 Jul 29 4105 C BTO 11.00 | 1 Jul 29 4140 C STO 1.40 | 1 Jul 29 4070 P STO 2.00",-1525,4130.29,"2022-07-29","16:00:00",0,-2529,"Expired",999,65.50819672131148,1,107022,1525,"SPX","*SPX RIC--0 DTE--Daily--v2.1",5,0.183,0.004,21.68,21.48,14.9,16.62,106.56,-15.74
"2022-07-28","11:33:00",4043.36,"1 Jul 28 4035 P BTO 7.80 | 1 Jul 28 4045 C BTO 9.60 | 1 Jul 28 4080 C STO 0.55 | 1 Jul 28 4010 P STO 2.20",-1475,4072.43,"2022-07-28","16:00:00",0,-2743,"Expired",1263,85.6271186440678,1,106023,1475,"SPX","*SPX RIC--0 DTE--Daily--v2.1",5,0.158,0.004,22.41,22.49,2.52,17.23,101.69,-7.46
"2022-07-22","11:01:00",3997.54,"1 Jul 22 3990 P BTO 8.05 | 1 Jul 22 4000 C BTO 10.25 | 1 Jul 22 4035 C STO 1.45 | 1 Jul 22 3965 P STO 2.45",-1450,3961.63,"2022-07-22","16:00:00",0,-2500,"Expired",1045,72.06896551724138,1,104760,1450,"SPX","*SPX RIC--0 DTE--Daily--v2.1",5,0.213,0.085,22.54,22.97,-0.52,-0.89,74.14,-8.28
"2022-07-20","10:31:00",3947.56,"1 Jul 20 3940 P BTO 8.95 | 1 Jul 20 3950 C BTO 10.75 | 1 Jul 20 3985 C STO 1.65 | 1 Jul 20 3915 P STO 2.90",-1525,3959.9,"2022-07-20","16:00:00",0,-990,"Expired",-540,-35.40983606557377,1,103715,1525,"SPX","*SPX RIC--0 DTE--Daily--v2.1",5,0.231,0.01,23.79,23.83,-1.37,12.24,46.56,-46.23
"2022-07-15","10:59:00",3848.68,"1 Jul 15 3840 P BTO 8.70 | 1 Jul 15 3850 C BTO 11.90 | 1 Jul 15 3885 C STO 1.50 | 1 Jul 15 3815 P STO 3.25",-1595,3863.16,"2022-07-15","16:00:00",0,-1316,"Expired",-284,-17.805642633228842,1,104255,1595,"SPX","*SPX RIC--0 DTE--Daily--v2.1",5,0.231,0.008,24.72,24.16,27.62,30.68,14.11,-86.83
"2022-07-07","10:35:00",3884.05,"1 Jul 7 3875 P BTO 8.50 | 1 Jul 7 3885 C BTO 11.60 | 1 Jul 7 3920 C STO 1.45 | 1 Jul 7 3850 P STO 2.85",-1590,3902.62,"2022-07-07","16:00:00",0,-1762,"Expired",167,10.50314465408805,1,104539,1590,"SPX","*SPX RIC--0 DTE--Daily--v2.1",5,0.214,0.006,25.91,25.91,13.77,25.2,50,-19.18
"2022-07-01","12:12:00",3767.72,"1 Jul 1 3760 P BTO 9.05 | 1 Jul 1 3770 C BTO 11.50 | 1 Jul 1 3805 C STO 2.00 | 1 Jul 1 3735 P STO 2.70",-1595,3825.33,"2022-07-01","16:00:00",0,-3500,"Expired",1900,119.12225705329153,1,104372,1595,"SPX","*SPX RIC--0 DTE--Daily--v2.1",5,0.229,0.369,27.86,26.77,-4.38,-13.28,119.44,-13.17
"2022-06-24","10:52:00",3878.19,"1 Jun 24 3870 P BTO 9.50 | 1 Jun 24 3880 C BTO 11.35 | 1 Jun 24 3915 C STO 1.25 | 1 Jun 24 3845 P STO 3.70",-1600,3911.74,"2022-06-24","16:00:00",0,-3174,"Expired",1569,98.0625,1,102472,1600,"SPX","*SPX RIC--0 DTE--Daily--v2.1",5,0.237,0.006,27.83,27.4,26.02,56.44,98.38,-20
"2022-05-27","10:39:00",4123.52,"1 May 27 4115 P BTO 9.20 | 1 May 27 4125 C BTO 11.60 | 1 May 27 4160 C STO 1.40 | 1 May 27 4090 P STO 3.50",-1600,4158.24,"2022-05-27","16:00:00",0,-3324,"Expired",1719,107.43750000000001,1,100903,1600,"SPX","*SPX RIC--0 DTE--Daily--v2.1",5,0.236,0.005,26.16,25.58,19.59,46.09,107.75,-28.12
"2022-05-26","11:58:00",4048.29,"1 May 26 4040 P BTO 8.60 | 1 May 26 4050 C BTO 11.40 | 1 May 26 4085 C STO 1.10 | 1 May 26 4015 P STO 3.05",-1595,4057.84,"2022-05-26","16:00:00",0,-784,"Expired",-816,-51.15987460815047,1,99184,1595,"SPX","*SPX RIC--0 DTE--Daily--v2.1",5,0.208,0.009,27.62,27.25,5.87,63.69,42.32,-57.68
