"Date Opened","Time Opened","Opening Price","Legs","Premium","Closing Price","Date Closed","Time Closed","Days in Trade","Avg. Closing Cost","Reason For Close","P/L","P/L %","No. of Contracts","Funds at Close","Margin Req.","Underlying","Strategy","Opening Commissions + Fees","Opening Short/Long Ratio","Closing Short/Long Ratio","Gap","Movement","Max Profit","Max Loss"
"2026-09-03","13:15:00",7740.41,"4 Sep 3 7740 P STO 5.55 | 4 Sep 3 7735 P BTO 3.75",170,7747.71,"2026-09-03","16:00:00",0,0,"Expired",670.24,98.56470588235294,4,145107.76,1320,"SPX","*SPX--PCS--0DTE--Daily",9.76,1.48,1,20.11,53.7,100,-23.53
"2026-08-27","13:15:00",7739.45,"4 Aug 27 7740 P STO 5.85 | 4 Aug 27 7735 P BTO 3.95",180,7730.99,"2026-08-27","16:00:00",0,500,"Expired",-1289.76,-179.13333333333333,4,144437.52,1280,"SPX","*SPX--PCS--0DTE--Daily",9.76,1.481,2.457,34.64,29.11,0,-177.78
"2026-08-13","13:15:00",7794.28,"4 Aug 13 7795 P STO 5.85 | 4 Aug 13 7790 P BTO 3.75",200,7798.99,"2026-08-13","16:00:00",0,0,"Expired",790.24,98.78,4,145727.28,1200,"SPX","*SPX--PCS--0DTE--Daily",9.76,1.56,1,14.68,31.1,100,-50
"2026-08-04","13:15:00",7735.78,"4 Aug 4 7735 P STO 9.75 | 4 Aug 4 7730 P BTO 7.65",200,7736.52,"2026-08-04","16:00:00",0,0,"Expired",790.24,98.78,4,144937.04,1200,"SPX","*SPX--PCS--0DTE--Daily",9.76,1.275,12,30.12,105.16,100,-10
"2026-08-03","13:15:00",7589.59,"4 Aug 3 7590 P STO 6.25 | 4 Aug 3 7585 P BTO 4.10",205,7600.5,"2026-08-03","16:00:00",0,0,"Expired",810.24,98.80975609756098,4,144146.8,1180,"SPX","*SPX--PCS--0DTE--Daily",9.76,1.524,1,15.06,84.81,100,-7.32
"2026-07-30","13:15:00",7421.69,"4 Jul 30 7420 P STO 8.75 | 4 Jul 30 7415 P BTO 6.85",180,7437.63,"2026-07-30","16:00:00",0,0,"Expired",710.24,98.64444444444445,4,143336.56,1280,"SPX","*SPX--PCS--0DTE--Daily",9.76,1.277,1,74.3,31.24,100,-25
"2026-07-28","13:15:00",7437.26,"4 Jul 28 7435 P STO 7.40 | 4 Jul 28 7430 P BTO 5.65",165,7428.78,"2026-07-28","16:00:00",0,500,"Expired",-1349.76,-204.50909090909093,4,142626.32,1340,"SPX","*SPX--PCS--0DTE--Daily",9.76,1.31,3.829,-17.63,41.71,75.76,-203.03
"2026-07-09","13:15:00",7539.16,"3 Jul 9 7535 P STO 4.35 | 3 Jul 9 7530 P BTO 3.00",125,7543.64,"2026-07-09","16:00:00",0,0,"Expired",367.68,98.048,3,143976.08,1125,"SPX","*SPX--PCS--0DTE--Daily",7.32,1.45,1,8.89,47.56,100,-44
"2026-07-06","13:15:00",7540.49,"4 Jul 6 7540 P STO 5.20 | 4 Jul 6 7535 P BTO 3.35",175,7537.43,"2026-07-06","16:00:00",0,257,"Expired",-337.76,-48.251428571428576,4,143608.4,1300,"SPX","*SPX--PCS--0DTE--Daily",9.76,1.552,47,23.72,33.53,82.86,-122.86
"2026-07-01","13:15:00",7505.71,"4 Jul 1 7505 P STO 7.00 | 4 Jul 1 7500 P BTO 5.15",175,7483.23,"2026-07-01","16:00:00",0,500,"Expired",-1309.76,-187.10857142857142,4,143946.16,1300,"SPX","*SPX--PCS--0DTE--Daily",9.76,1.359,1.318,-20.52,26.87,25.71,-185.71
"2026-06-30","13:15:00",7494.54,"4 Jun 30 7490 P STO 6.65 | 4 Jun 30 7485 P BTO 5.05",150,7499.36,"2026-06-30","16:00:00",0,0,"Expired",590.24,98.37333333333333,4,145255.92,1400,"SPX","*SPX--PCS--0DTE--Daily",9.76,1.317,1,0.84,53.27,100,-30
"2026-06-29","13:15:00",7428.78,"4 Jun 29 7425 P STO 7.15 | 4 Jun 29 7420 P BTO 5.45",160,7440.43,"2026-06-29","16:00:00",0,0,"Expired",630.24,98.475,4,144665.68,1360,"SPX","*SPX--PCS--0DTE--Daily",9.76,1.312,1,37.86,36.9,100,-34.38
"2026-06-15","13:15:00",7569.2,"4 Jun 15 7565 P STO 5.65 | 4 Jun 15 7560 P BTO 4.05",150,7554.29,"2026-06-15","16:00:00",0,500,"Expired",-1409.76,-234.96,4,144035.44,1400,"SPX","*SPX--PCS--0DTE--Daily",9.76,1.395,1.819,85.29,52.45,30,-233.33
"2026-05-28","13:15:00",7560.68,"4 May 28 7560 P STO 5.55 | 4 May 28 7555 P BTO 3.75",170,7563.63,"2026-05-28","16:00:00",0,0,"Expired",670.24,98.56470588235294,4,145445.2,1320,"SPX","*SPX--PCS--0DTE--Daily",9.76,1.48,1,-0.54,40.86,100,-17.65
"2026-05-22","13:15:00",7494.25,"4 May 22 7490 P STO 7.35 | 4 May 22 7485 P BTO 5.60",165,7473.47,"2026-05-22","16:00:00",0,500,"Expired",-1349.76,-204.50909090909093,4,144774.96,1340,"SPX","*SPX--PCS--0DTE--Daily",9.76,1.312,1.405,23.1,25.43,42.42,-203.03
"2026-05-14","13:15:00",7492.12,"4 May 14 7490 P STO 8.55 | 4 May 14 7485 P BTO 6.65",180,7501.24,"2026-05-14","16:00:00",0,0,"Expired",710.24,98.64444444444445,4,146124.72,1280,"SPX","*SPX--PCS--0DTE--Daily",9.76,1.286,1,10.15,37.72,100,-36.11
"2026-05-13","13:15:00",7448.65,"4 May 13 7445 P STO 6.25 | 4 May 13 7440 P BTO 4.45",170,7444.25,"2026-05-13","16:00:00",0,75,"Expired",370.24,54.44705882352942,4,145414.48,1320,"SPX","*SPX--PCS--0DTE--Daily",9.76,1.404,7,8.16,39.53,97.06,-32.35
"2026-05-11","13:15:00",7412.11,"3 May 11 7410 P STO 5.30 | 3 May 11 7405 P BTO 3.85",135,7412.84,"2026-05-11","16:00:00",0,0,"Expired",397.68,98.1925925925926,3,145044.24,1095,"SPX","*SPX--PCS--0DTE--Daily",7.32,1.377,2,-13.62,26.8,100,-155.56
"2026-05-08","13:15:00",7394.54,"3 May 8 7390 P STO 5.65 | 3 May 8 7385 P BTO 4.25",130,7398.93,"2026-05-08","16:00:00",0,0,"Expired",382.68,98.12307692307692,3,144646.56,1110,"SPX","*SPX--PCS--0DTE--Daily",7.32,1.329,1,25.86,31.57,100,-103.85
"2026-05-06","13:15:00",7339.31,"3 May 6 7335 P STO 5.05 | 3 May 6 7330 P BTO 3.55",140,7365.12,"2026-05-06","16:00:00",0,0,"Expired",412.68,98.25714285714285,3,144263.88,1080,"SPX","*SPX--PCS--0DTE--Daily",7.32,1.423,1,34.92,45.17,100,-14.29
"2026-05-05","13:15:00",7256.39,"4 May 5 7255 P STO 5.15 | 4 May 5 7250 P BTO 3.55",150,7259.22,"2026-05-05","16:00:00",0,0,"Expired",590.24,98.37333333333333,4,143851.2,1400,"SPX","*SPX--PCS--0DTE--Daily",9.76,1.451,1,32.87,22.77,100,0
"2026-04-17","13:15:00",7136.27,"4 Apr 17 7135 P STO 7.85 | 4 Apr 17 7130 P BTO 5.95",180,7126.06,"2026-04-17","16:00:00",0,500,"Expired",-1289.76,-179.13333333333333,4,143260.96,1280,"SPX","*SPX--PCS--0DTE--Daily",9.76,1.319,2.114,33.27,61.72,0,-177.78
"2026-04-14","13:15:00",6957.13,"4 Apr 14 6955 P STO 6.85 | 4 Apr 14 6950 P BTO 4.95",180,6967.38,"2026-04-14","16:00:00",0,0,"Expired",710.24,98.64444444444445,4,144550.72,1280,"SPX","*SPX--PCS--0DTE--Daily",9.76,1.384,1,23.96,46.93,100,-80.56
"2026-04-13","13:15:00",6846.98,"4 Apr 13 6845 P STO 6.90 | 4 Apr 13 6840 P BTO 5.15",165,6886.24,"2026-04-13","16:00:00",0,0,"Expired",650.24,98.52121212121212,4,143840.48,1340,"SPX","*SPX--PCS--0DTE--Daily",9.76,1.34,1,-10.42,40.51,100,-36.36
"2026-04-09","13:15:00",6828.46,"4 Apr 9 6825 P STO 8.40 | 4 Apr 9 6820 P BTO 6.45",185,6824.66,"2026-04-09","16:00:00",0,34,"Expired",594.24,80.3027027027027,4,143190.24,1260,"SPX","*SPX--PCS--0DTE--Daily",9.76,1.302,13,0.88,44.77,81.62,-110.81
"2026-04-08","13:15:00",6783.08,"4 Apr 8 6780 P STO 7.95 | 4 Apr 8 6775 P BTO 6.10",175,6782.81,"2026-04-08","16:00:00",0,0,"Expired",690.24,98.60571428571428,4,142596,1300,"SPX","*SPX--PCS--0DTE--Daily",9.76,1.303,2,137.51,28.72,100,-162.86
"2026-04-02","13:15:00",6567.45,"4 Apr 2 6565 P STO 11.85 | 4 Apr 2 6560 P BTO 9.85",190,6582.69,"2026-04-02","16:00:00",0,0,"Expired",750.24,98.71578947368421,4,141905.76,1240,"SPX","*SPX--PCS--0DTE--Daily",9.76,1.203,1,-62.71,54.84,100,-63.16
"2026-04-01","13:15:00",6608.51,"4 Apr 1 6605 P STO 6.95 | 4 Apr 1 6600 P BTO 5.25",160,6575.32,"2026-04-01","16:00:00",0,500,"Expired",-1369.76,-214.025,4,141155.52,1360,"SPX","*SPX--PCS--0DTE--Daily",9.76,1.324,1.198,28.04,51.95,0,-212.5
"2026-03-31","13:15:00",6499.1,"4 Mar 31 6495 P STO 14.70 | 4 Mar 31 6490 P BTO 12.70",190,6528.52,"2026-03-31","16:00:00",0,0,"Expired",750.24,98.71578947368421,4,142525.28,1240,"SPX","*SPX--PCS--0DTE--Daily",9.76,1.157,1,52.16,103.22,100,-36.84
"2026-03-10","13:15:00",6829.66,"4 Mar 10 6825 P STO 8.05 | 4 Mar 10 6820 P BTO 6.40",155,6781.48,"2026-03-10","16:00:00",0,500,"Expired",-1389.76,-224.1548387096774,4,141775.04,1380,"SPX","*SPX--PCS--0DTE--Daily",9.76,1.258,1.129,0.57,33.1,45.16,-222.58
"2026-03-04","13:15:00",6874.46,"4 Mar 4 6870 P STO 7.35 | 4 Mar 4 6865 P BTO 5.75",150,6869.5,"2026-03-04","16:00:00",0,50,"Expired",390.24,65.03999999999999,4,143164.8,1400,"SPX","*SPX--PCS--0DTE--Daily",9.76,1.278,10,15.06,42.77,83.33,-33.33
"2026-02-25","13:15:00",6941.82,"3 Feb 25 6940 P STO 3.75 | 3 Feb 25 6935 P BTO 2.30",135,6946.13,"2026-02-25","16:00:00",0,0,"Expired",397.68,98.1925925925926,3,142774.56,1095,"SPX","*SPX--PCS--0DTE--Daily",7.32,1.63,1,25.08,26.67,100,-40.74
"2026-02-24","13:15:00",6890.93,"4 Feb 24 6890 P STO 6.50 | 4 Feb 24 6885 P BTO 4.75",165,6890.07,"2026-02-24","16:00:00",0,0,"Expired",650.24,98.52121212121212,4,142376.88,1340,"SPX","*SPX--PCS--0DTE--Daily",9.76,1.368,9,-0.38,53.56,100,-127.27
"2026-02-20","13:15:00",6887.11,"4 Feb 20 6885 P STO 11.50 | 4 Feb 20 6880 P BTO 9.75",165,6909.51,"2026-02-20","16:00:00",0,0,"Expired",650.24,98.52121212121212,4,141726.64,1340,"SPX","*SPX--PCS--0DTE--Daily",9.76,1.179,1,-18.63,43.85,100,-42.42
"2026-02-18","13:15:00",6903.11,"4 Feb 18 6900 P STO 5.90 | 4 Feb 18 6895 P BTO 4.35",145,6881.31,"2026-02-18","16:00:00",0,500,"Expired",-1429.76,-246.51034482758624,4,141076.4,1420,"SPX","*SPX--PCS--0DTE--Daily",9.76,1.356,1.338,12.26,47.63,13.79,-244.83
"2026-02-09","13:15:00",6969.93,"4 Feb 9 6970 P STO 5.95 | 4 Feb 9 6965 P BTO 4.05",180,6964.82,"2026-02-09","16:00:00",0,500,"Expired",-1289.76,-179.13333333333333,4,142506.16,1280,"SPX","*SPX--PCS--0DTE--Daily",9.76,1.469,6,-15.04,52.67,69.44,-177.78
"2026-02-06","13:15:00",6912.56,"4 Feb 6 6910 P STO 7.75 | 4 Feb 6 6905 P BTO 6.05",160,6932.3,"2026-02-06","16:00:00",0,0,"Expired",630.24,98.475,4,143795.92,1360,"SPX","*SPX--PCS--0DTE--Daily",9.76,1.281,1,18.34,95.82,100,-31.25
"2026-02-02","13:15:00",6985.22,"4 Feb 2 6985 P STO 5.55 | 4 Feb 2 6980 P BTO 3.75",170,6976.44,"2026-02-02","16:00:00",0,500,"Expired",-1329.76,-195.5529411764706,4,143165.68,1320,"SPX","*SPX--PCS--0DTE--Daily",9.76,1.48,2.449,-22.39,68.58,55.88,-194.12
"2026-01-26","13:15:00",6954.01,"3 Jan 26 6950 P STO 4.20 | 3 Jan 26 6945 P BTO 3.05",105,6950.23,"2026-01-26","16:00:00",0,0,"Expired",307.68,97.67619047619048,3,144495.44,1185,"SPX","*SPX--PCS--0DTE--Daily",7.32,1.377,1,7.62,30.78,100,-23.81
"2026-01-12","13:15:00",6974.99,"4 Jan 12 6975 P STO 4.40 | 4 Jan 12 6970 P BTO 2.55",175,6977.27,"2026-01-12","16:00:00",0,0,"Expired",690.24,98.60571428571428,4,144187.76,1300,"SPX","*SPX--PCS--0DTE--Daily",9.76,1.725,1,-22.16,30.87,100,-17.14
"2026-01-09","13:15:00",6962.85,"4 Jan 9 6960 P STO 4.85 | 4 Jan 9 6955 P BTO 3.30",145,6966.28,"2026-01-09","16:00:00",0,0,"Expired",570.24,98.31724137931035,4,143497.52,1420,"SPX","*SPX--PCS--0DTE--Daily",9.76,1.47,1,6.37,35.02,100,-24.14
"2026-01-06","13:15:00",6935.31,"4 Jan 6 6935 P STO 4.35 | 4 Jan 6 6930 P BTO 2.70",155,6944.82,"2026-01-06","16:00:00",0,0,"Expired",610.24,98.42580645161291,4,142927.28,1380,"SPX","*SPX--PCS--0DTE--Daily",9.76,1.611,1,5.98,27.28,100,-29.03
"2025-12-23","13:15:00",6902.35,"3 Dec 23 6900 P STO 2.60 | 3 Dec 23 6895 P BTO 1.40",110,6909.79,"2025-12-23","16:00:00",0,0,"Expired",322.68,97.78181818181818,3,142317.04,1170,"SPX","*SPX--PCS--0DTE--Daily",7.32,1.857,1,-6.08,29.94,100,-18.18
"2025-12-19","13:15:00",6838.22,"3 Dec 19 6835 P STO 4.95 | 3 Dec 19 6830 P BTO 3.55",130,6834.5,"2025-12-19","16:00:00",0,50,"Expired",232.68,59.66153846153846,3,141994.36,1110,"SPX","*SPX--PCS--0DTE--Daily",7.32,1.394,17,17.86,45.6,61.54,-153.85
"2025-12-11","13:15:00",6891.29,"4 Dec 11 6890 P STO 6.15 | 4 Dec 11 6885 P BTO 4.35",170,6901,"2025-12-11","16:00:00",0,0,"Expired",670.24,98.56470588235294,4,141761.68,1320,"SPX","*SPX--PCS--0DTE--Daily",9.76,1.414,1,-25.38,29.99,100,-50
"2025-12-03","13:15:00",6853.41,"3 Dec 3 6850 P STO 4.85 | 3 Dec 3 6845 P BTO 3.50",125,6849.72,"2025-12-03","16:00:00",0,28,"Expired",283.68,75.64800000000001,3,141091.44,1125,"SPX","*SPX--PCS--0DTE--Daily",7.32,1.386,6,-14.08,38.12,84,-60
"2025-12-01","13:15:00",6839.52,"3 Dec 1 6835 P STO 4.45 | 3 Dec 1 6830 P BTO 3.05",130,6812.63,"2025-12-01","16:00:00",0,500,"Expired",-1117.32,-286.4923076923077,3,140807.76,1110,"SPX","*SPX--PCS--0DTE--Daily",7.32,1.459,1.247,-36.79,27.22,30.77,-284.62
"2025-11-26","13:15:00",6823.54,"4 Nov 26 6820 P STO 6.70 | 4 Nov 26 6815 P BTO 5.15",145,6812.61,"2025-11-26","16:00:00",0,500,"Expired",-1429.76,-246.51034482758624,4,141925.08,1420,"SPX","*SPX--PCS--0DTE--Daily",9.76,1.301,4.054,27.67,29.99,79.31,-244.83
"2025-11-25","13:15:00",6749.56,"3 Nov 25 6745 P STO 5.40 | 3 Nov 25 6740 P BTO 4.00",130,6765.88,"2025-11-25","16:00:00",0,0,"Expired",382.68,98.12307692307692,3,143354.84,1110,"SPX","*SPX--PCS--0DTE--Daily",7.32,1.35,1,-8.09,52.53,100,-96.15
"2025-11-24","13:15:00",6711.53,"4 Nov 24 6710 P STO 7.50 | 4 Nov 24 6705 P BTO 5.55",185,6705.12,"2025-11-24","16:00:00",0,488,"Expired",-1221.76,-165.10270270270271,4,142972.16,1260,"SPX","*SPX--PCS--0DTE--Daily",9.76,1.351,9.1,33.55,74.99,56.76,-163.78
"2025-11-11","13:15:00",6843.12,"4 Nov 11 6840 P STO 5.15 | 4 Nov 11 6835 P BTO 3.55",150,6846.61,"2025-11-11","16:00:00",0,0,"Expired",590.24,98.37333333333333,4,144193.92,1400,"SPX","*SPX--PCS--0DTE--Daily",9.76,1.451,1,-16.79,27.48,100,-13.33
"2025-11-10","13:15:00",6816.63,"4 Nov 10 6815 P STO 6.10 | 4 Nov 10 6810 P BTO 4.35",165,6832.43,"2025-11-10","16:00:00",0,0,"Expired",650.24,98.52121212121212,4,143603.68,1340,"SPX","*SPX--PCS--0DTE--Daily",9.76,1.402,1,56.56,31.27,100,-21.21
"2025-11-05","13:15:00",6824.75,"4 Nov 5 6825 P STO 6.55 | 4 Nov 5 6820 P BTO 4.65",180,6796.29,"2025-11-05","16:00:00",0,500,"Expired",-1289.76,-179.13333333333333,4,142953.44,1280,"SPX","*SPX--PCS--0DTE--Daily",9.76,1.409,1.211,-1.78,54.98,27.78,-177.78
"2025-10-24","13:15:00",6799.88,"4 Oct 24 6800 P STO 6.35 | 4 Oct 24 6795 P BTO 4.60",165,6791.69,"2025-10-24","16:00:00",0,500,"Expired",-1349.76,-204.50909090909093,4,144243.2,1340,"SPX","*SPX--PCS--0DTE--Daily",9.76,1.38,2.493,33.63,27.81,72.73,-203.03
"2025-10-23","13:15:00",6737.07,"4 Oct 23 6735 P STO 5.70 | 4 Oct 23 6730 P BTO 4.20",140,6738.44,"2025-10-23","16:00:00",0,0,"Expired",550.24,98.25714285714285,4,145592.96,1440,"SPX","*SPX--PCS--0DTE--Daily",9.76,1.357,1,4.25,33.42,100,-67.86
"2025-10-20","13:15:00",6737.76,"3 Oct 20 6735 P STO 4.95 | 3 Oct 20 6730 P BTO 3.50",135,6735.13,"2025-10-20","16:00:00",0,0,"Expired",397.68,98.1925925925926,3,145042.72,1095,"SPX","*SPX--PCS--0DTE--Daily",7.32,1.414,6,26.04,47.71,100,-22.22
"2025-10-08","13:15:00",6751.29,"4 Oct 8 6750 P STO 4.75 | 4 Oct 8 6745 P BTO 3.15",150,6753.72,"2025-10-08","16:00:00",0,0,"Expired",590.24,98.37333333333333,4,144645.04,1400,"SPX","*SPX--PCS--0DTE--Daily",9.76,1.508,1,9.28,27.42,100,-66.67
"2025-10-01","13:15:00",6698.73,"3 Oct 1 6695 P STO 4.05 | 3 Oct 1 6690 P BTO 2.70",125,6711.2,"2025-10-01","16:00:00",0,0,"Expired",367.68,98.048,3,144054.8,1125,"SPX","*SPX--PCS--0DTE--Daily",7.32,1.5,1,-23.54,33.81,100,0
"2025-09-22","13:15:00",6688.27,"3 Sep 22 6685 P STO 3.75 | 3 Sep 22 6680 P BTO 2.50",115,6693.75,"2025-09-22","16:00:00",0,0,"Expired",337.68,97.87826086956521,3,143687.12,1155,"SPX","*SPX--PCS--0DTE--Daily",7.32,1.5,1,-10.08,33.99,100,-26.09
"2025-09-11","13:15:00",6583.74,"3 Sep 11 6580 P STO 3.90 | 3 Sep 11 6575 P BTO 2.65",115,6587.47,"2025-09-11","16:00:00",0,0,"Expired",337.68,97.87826086956521,3,143349.44,1155,"SPX","*SPX--PCS--0DTE--Daily",7.32,1.472,1,22.37,29.33,100,-39.13
"2025-08-22","13:15:00",6470.95,"4 Aug 22 6470 P STO 6.05 | 4 Aug 22 6465 P BTO 4.35",160,6466.91,"2025-08-22","16:00:00",0,309,"Expired",-605.76,-94.65,4,143011.76,1360,"SPX","*SPX--PCS--0DTE--Daily",9.76,1.391,35.5,14.42,86.36,50,-193.75
"2025-08-12","13:15:00",6434.67,"4 Aug 12 6435 P STO 5.35 | 4 Aug 12 6430 P BTO 3.50",175,6445.76,"2025-08-12","16:00:00",0,0,"Expired",690.24,98.60571428571428,4,143617.52,1300,"SPX","*SPX--PCS--0DTE--Daily",9.76,1.529,1,21.72,39.5,100,-22.86
"2025-08-08","13:15:00",6384.02,"3 Aug 8 6380 P STO 4.55 | 3 Aug 8 6375 P BTO 3.15",130,6389.45,"2025-08-08","16:00:00",0,0,"Expired",382.68,98.12307692307692,3,142927.28,1110,"SPX","*SPX--PCS--0DTE--Daily",7.32,1.444,1,15.22,28.8,100,-34.62
"2025-08-06","13:15:00",6340.43,"4 Aug 6 6340 P STO 6.00 | 4 Aug 6 6335 P BTO 4.25",165,6345.06,"2025-08-06","16:00:00",0,0,"Expired",650.24,98.52121212121212,4,142544.6,1340,"SPX","*SPX--PCS--0DTE--Daily",9.76,1.412,1,10.11,31.13,100,-12.12
"2025-07-25","13:15:00",6390.46,"4 Jul 25 6390 P STO 4.95 | 4 Jul 25 6385 P BTO 3.15",170,6388.64,"2025-07-25","16:00:00",0,136,"Expired",126.24,18.564705882352943,4,141894.36,1320,"SPX","*SPX--PCS--0DTE--Daily",9.76,1.571,20,6.66,20.45,73.53,-26.47
"2025-07-21","13:15:00",6334.5,"4 Jul 21 6335 P STO 4.55 | 4 Jul 21 6330 P BTO 2.65",180,6305.6,"2025-07-21","16:00:00",0,500,"Expired",-1289.76,-179.13333333333333,4,141768.12,1280,"SPX","*SPX--PCS--0DTE--Daily",9.76,1.717,1.198,7.95,29.76,13.89,-177.78
"2025-07-17","13:15:00",6289.74,"4 Jul 17 6290 P STO 5.35 | 4 Jul 17 6285 P BTO 3.35",190,6297.36,"2025-07-17","16:00:00",0,0,"Expired",750.24,98.71578947368421,4,143057.88,1240,"SPX","*SPX--PCS--0DTE--Daily",9.76,1.597,1,-0.3,26.34,100,-10.53
"2025-07-02","13:15:00",6217.07,"3 Jul 2 6215 P STO 4.95 | 3 Jul 2 6210 P BTO 3.45",140,6227.42,"2025-07-02","16:00:00",0,0,"Expired",412.68,98.25714285714285,3,142307.64,1080,"SPX","*SPX--PCS--0DTE--Daily",7.32,1.435,1,-4.13,23.19,100,-28.57
"2025-06-27","13:15:00",6182.66,"3 Jun 27 6180 P STO 3.95 | 3 Jun 27 6175 P BTO 2.45",140,6173.07,"2025-06-27","16:00:00",0,500,"Expired",-1087.32,-258.8857142857143,3,141894.96,1080,"SPX","*SPX--PCS--0DTE--Daily",7.32,1.612,3.02,9.68,31.96,0,-257.14
"2025-06-26","13:15:00",6134.68,"4 Jun 26 6135 P STO 4.95 | 4 Jun 26 6130 P BTO 3.15",170,6141.02,"2025-06-26","16:00:00",0,0,"Expired",670.24,98.56470588235294,4,142982.28,1320,"SPX","*SPX--PCS--0DTE--Daily",9.76,1.571,1,19.93,22.59,100,-20.59
"2025-06-24","13:15:00",6091.93,"4 Jun 24 6090 P STO 5.70 | 4 Jun 24 6085 P BTO 4.05",155,6092.18,"2025-06-24","16:00:00",0,0,"Expired",610.24,98.42580645161291,4,142312.04,1380,"SPX","*SPX--PCS--0DTE--Daily",9.76,1.407,1,36.04,30.72,100,-45.16
"2025-06-16","13:15:00",6031.32,"4 Jun 16 6030 P STO 7.50 | 4 Jun 16 6025 P BTO 5.70",170,6033.11,"2025-06-16","16:00:00",0,0,"Expired",670.24,98.56470588235294,4,141701.8,1320,"SPX","*SPX--PCS--0DTE--Daily",9.76,1.316,3,27.03,27.32,100,-79.41
"2025-06-12","13:15:00",6040.35,"4 Jun 12 6040 P STO 7.45 | 4 Jun 12 6035 P BTO 5.60",175,6045.26,"2025-06-12","16:00:00",0,0,"Expired",690.24,98.60571428571428,4,141031.56,1300,"SPX","*SPX--PCS--0DTE--Daily",9.76,1.33,1,-12.34,30.45,100,-82.86
"2025-06-10","13:15:00",6034.15,"4 Jun 10 6030 P STO 5.35 | 4 Jun 10 6025 P BTO 3.70",155,6038.81,"2025-06-10","16:00:00",0,0,"Expired",610.24,98.42580645161291,4,140341.32,1380,"SPX","*SPX--PCS--0DTE--Daily",9.76,1.446,1,4.03,24.24,100,-151.61
"2025-06-03","13:15:00",5978.19,"3 Jun 3 5975 P STO 5.15 | 3 Jun 3 5970 P BTO 3.65",140,5970.37,"2025-06-03","16:00:00",0,463,"Expired",-976.32,-232.45714285714288,3,139731.08,1080,"SPX","*SPX--PCS--0DTE--Daily",7.32,1.411,23.25,2.62,39.63,32.14,-230.71
"2025-05-27","13:15:00",5912.18,"4 May 27 5910 P STO 6.95 | 4 May 27 5905 P BTO 5.20",165,5921.54,"2025-05-27","16:00:00",0,0,"Expired",650.24,98.52121212121212,4,140707.4,1340,"SPX","*SPX--PCS--0DTE--Daily",9.76,1.337,1,51.25,58.11,100,-6.06
"2025-05-19","13:15:00",5967.12,"4 May 19 5965 P STO 7.50 | 4 May 19 5960 P BTO 5.50",190,5963.6,"2025-05-19","16:00:00",0,140,"Expired",190.24,25.03157894736842,4,140057.16,1240,"SPX","*SPX--PCS--0DTE--Daily",9.76,1.364,34,-55.5,64.24,26.32,-144.74
"2025-05-15","13:15:00",5917.87,"4 May 15 5915 P STO 7.45 | 4 May 15 5910 P BTO 5.55",180,5916.93,"2025-05-15","16:00:00",0,0,"Expired",710.24,98.64444444444445,4,139866.92,1280,"SPX","*SPX--PCS--0DTE--Daily",9.76,1.342,4.5,-22.76,48.05,100,-127.78
"2025-05-13","13:15:00",5893.8,"4 May 13 5890 P STO 6.15 | 4 May 13 5885 P BTO 4.45",160,5886.55,"2025-05-13","16:00:00",0,345,"Expired",-749.76,-117.15,4,139156.68,1360,"SPX","*SPX--PCS--0DTE--Daily",9.76,1.382,67,9.96,39.65,84.38,-115.62
"2025-05-12","13:15:00",5834.71,"4 May 12 5830 P STO 8.55 | 4 May 12 5825 P BTO 6.75",170,5844.19,"2025-05-12","16:00:00",0,0,"Expired",670.24,98.56470588235294,4,139906.44,1320,"SPX","*SPX--PCS--0DTE--Daily",9.76,1.267,1,147.29,27.51,100,-58.82
"2025-05-08","13:15:00",5709.72,"4 May 8 5705 P STO 9.15 | 4 May 8 5700 P BTO 7.35",170,5663.94,"2025-05-08","16:00:00",0,500,"Expired",-1329.76,-195.5529411764706,4,139236.2,1320,"SPX","*SPX--PCS--0DTE--Daily",9.76,1.245,1.141,32.32,46.12,11.76,-194.12
"2025-05-02","13:15:00",5686.23,"4 May 2 5685 P STO 9.95 | 4 May 2 5680 P BTO 8.05",180,5686.67,"2025-05-02","16:00:00",0,0,"Expired",710.24,98.64444444444445,4,140565.96,1280,"SPX","*SPX--PCS--0DTE--Daily",9.76,1.236,2,41.74,40.35,100,-47.22
"2025-04-29","13:15:00",5533.48,"4 Apr 29 5530 P STO 10.65 | 4 Apr 29 5525 P BTO 8.75",180,5560.83,"2025-04-29","16:00:00",0,0,"Expired",710.24,98.64444444444445,4,139855.72,1280,"SPX","*SPX--PCS--0DTE--Daily",9.76,1.217,1,-19.88,24.61,100,-8.33
"2025-04-25","13:15:00",5518.03,"4 Apr 25 5515 P STO 10.60 | 4 Apr 25 5510 P BTO 8.60",190,5525.21,"2025-04-25","16:00:00",0,0,"Expired",750.24,98.71578947368421,4,139145.48,1240,"SPX","*SPX--PCS--0DTE--Daily",9.76,1.233,1,4.96,28.3,100,-105.26
"2025-04-24","13:15:00",5469,"4 Apr 24 5465 P STO 15.10 | 4 Apr 24 5460 P BTO 13.10",190,5484.77,"2025-04-24","16:00:00",0,0,"Expired",750.24,98.71578947368421,4,138395.24,1240,"SPX","*SPX--PCS--0DTE--Daily",9.76,1.153,1,5.52,87.62,100,-31.58
"2025-04-11","13:15:00",5331.84,"4 Apr 11 5320 P STO 27.75 | 4 Apr 11 5315 P BTO 25.80",185,5363.36,"2025-04-11","16:00:00",0,0,"Expired",730.24,98.68108108108108,4,137645,1260,"SPX","*SPX--PCS--0DTE--Daily",9.76,1.076,1,-12.49,76.28,100,-45.95
"2025-04-02","13:15:00",5691.23,"4 Apr 2 5685 P STO 12.60 | 4 Apr 2 5680 P BTO 10.75",175,5670.97,"2025-04-02","16:00:00",0,500,"Expired",-1309.76,-187.10857142857142,4,136914.76,1300,"SPX","*SPX--PCS--0DTE--Daily",9.76,1.172,1.602,-52.31,110.47,0,-185.71
"2025-03-24","13:15:00",5749.04,"3 Mar 24 5745 P STO 7.20 | 3 Mar 24 5740 P BTO 5.65",145,5767.57,"2025-03-24","16:00:00",0,0,"Expired",427.68,98.31724137931035,3,138224.52,1065,"SPX","*SPX--PCS--0DTE--Daily",7.32,1.274,1,50.52,30.96,100,-37.93
"2025-03-20","13:15:00",5674.75,"4 Mar 20 5670 P STO 9.40 | 4 Mar 20 5665 P BTO 7.60",170,5662.89,"2025-03-20","16:00:00",0,500,"Expired",-1329.76,-195.5529411764706,4,137796.84,1320,"SPX","*SPX--PCS--0DTE--Daily",9.76,1.237,2.433,-28.37,27.83,0,-194.12
"2025-03-17","13:15:00",5657.51,"4 Mar 17 5655 P STO 9.00 | 4 Mar 17 5650 P BTO 7.20",170,5675.12,"2025-03-17","16:00:00",0,0,"Expired",670.24,98.56470588235294,4,139126.6,1320,"SPX","*SPX--PCS--0DTE--Daily",9.76,1.25,1,-3.34,21.91,100,-17.65
"2025-03-14","13:15:00",5625.97,"3 Mar 14 5620 P STO 10.50 | 3 Mar 14 5615 P BTO 8.85",155,5638.94,"2025-03-14","16:00:00",0,0,"Expired",457.68,98.42580645161291,3,138456.36,1035,"SPX","*SPX--PCS--0DTE--Daily",7.32,1.186,1,42.33,62.12,100,-83.87
"2025-02-13","13:15:00",6079.98,"3 Feb 13 6075 P STO 7.50 | 3 Feb 13 6070 P BTO 6.00",140,6115.07,"2025-02-13","16:00:00",0,0,"Expired",412.68,98.25714285714285,3,137998.68,1080,"SPX","*SPX--PCS--0DTE--Daily",7.32,1.25,1,8.62,19.39,100,-57.14
"2025-02-10","13:15:00",6067.53,"3 Feb 10 6065 P STO 5.15 | 3 Feb 10 6060 P BTO 3.60",145,6066.44,"2025-02-10","16:00:00",0,0,"Expired",427.68,98.31724137931035,3,137586,1065,"SPX","*SPX--PCS--0DTE--Daily",7.32,1.431,1,20.41,21.13,100,-62.07
"2025-02-05","13:15:00",6046.65,"3 Feb 5 6045 P STO 6.00 | 3 Feb 5 6040 P BTO 4.35",155,6061.48,"2025-02-05","16:00:00",0,0,"Expired",457.68,98.42580645161291,3,137158.32,1035,"SPX","*SPX--PCS--0DTE--Daily",7.32,1.379,1,-17.43,26.2,100,-38.71
"2025-01-23","13:15:00",6101.65,"4 Jan 23 6100 P STO 4.25 | 4 Jan 23 6095 P BTO 2.55",160,6118.71,"2025-01-23","16:00:00",0,0,"Expired",630.24,98.475,4,136700.64,1360,"SPX","*SPX--PCS--0DTE--Daily",9.76,1.667,1,-10.05,25.33,100,-84.38
"2025-01-21","13:15:00",6046.67,"4 Jan 21 6045 P STO 5.55 | 4 Jan 21 6040 P BTO 3.75",170,6049.24,"2025-01-21","16:00:00",0,0,"Expired",670.24,98.56470588235294,4,136070.4,1320,"SPX","*SPX--PCS--0DTE--Daily",9.76,1.48,1,17.46,32.55,100,-100
"2025-01-15","13:15:00",5937.03,"4 Jan 15 5935 P STO 7.90 | 4 Jan 15 5930 P BTO 6.05",175,5949.91,"2025-01-15","16:00:00",0,0,"Expired",690.24,98.60571428571428,4,135400.16,1300,"SPX","*SPX--PCS--0DTE--Daily",9.76,1.306,1,62.3,31.82,100,-2.86
"2025-01-03","13:15:00",5930.63,"4 Jan 3 5930 P STO 7.75 | 4 Jan 3 5925 P BTO 5.75",190,5942.47,"2025-01-03","16:00:00",0,0,"Expired",750.24,98.71578947368421,4,134709.92,1240,"SPX","*SPX--PCS--0DTE--Daily",9.76,1.348,1,22.52,39.56,100,-7.89
"2024-12-11","13:15:00",6089.65,"4 Dec 11 6090 P STO 4.15 | 4 Dec 11 6085 P BTO 2.30",175,6084.19,"2024-12-11","16:00:00",0,500,"Expired",-1309.76,-187.10857142857142,4,133959.68,1300,"SPX","*SPX--PCS--0DTE--Daily",9.76,1.804,4.8,25.24,29.5,31.43,-185.71
"2024-11-22","13:15:00",5970.89,"4 Nov 22 5970 P STO 6.15 | 4 Nov 22 5965 P BTO 4.40",165,5969.34,"2024-11-22","16:00:00",0,66,"Expired",386.24,58.521212121212116,4,135269.44,1340,"SPX","*SPX--PCS--0DTE--Daily",9.76,1.398,41,-4.35,26.53,78.79,-175.76
"2024-11-08","13:15:00",5998.51,"3 Nov 8 5995 P STO 3.65 | 3 Nov 8 5990 P BTO 2.20",135,5995.54,"2024-11-08","16:00:00",0,0,"Expired",397.68,98.1925925925926,3,134883.2,1095,"SPX","*SPX--PCS--0DTE--Daily",7.32,1.659,4,3.66,21.75,100,-29.63
"2024-11-07","13:15:00",5966.59,"4 Nov 7 5965 P STO 12.80 | 4 Nov 7 5960 P BTO 10.75",195,5973.1,"2024-11-07","16:00:00",0,0,"Expired",770.24,98.74871794871794,4,134485.52,1220,"SPX","*SPX--PCS--0DTE--Daily",9.76,1.191,1,18.17,19.38,100,-28.21
"2024-11-06","13:15:00",5916.1,"4 Nov 6 5915 P STO 7.30 | 4 Nov 6 5910 P BTO 5.40",180,5929.04,"2024-11-06","16:00:00",0,0,"Expired",710.24,98.64444444444445,4,133715.28,1280,"SPX","*SPX--PCS--0DTE--Daily",9.76,1.352,1,82.13,51.21,100,-13.89
"2024-11-05","13:15:00",5772.59,"3 Nov 5 5770 P STO 7.20 | 3 Nov 5 5765 P BTO 5.60",150,5782.76,"2024-11-05","16:00:00",0,0,"Expired",442.68,98.37333333333333,3,133005.04,1050,"SPX","*SPX--PCS--0DTE--Daily",7.32,1.286,1,9.74,50.16,100,-66.67
"2024-10-29","13:15:00",5843.33,"3 Oct 29 5840 P STO 3.50 | 3 Oct 29 5835 P BTO 2.20",120,5832.92,"2024-10-29","16:00:00",0,500,"Expired",-1147.32,-318.7,3,132562.36,1140,"SPX","*SPX--PCS--0DTE--Daily",7.32,1.591,4.094,-3.84,23.65,75,-316.67
"2024-10-14","13:15:00",5857.14,"3 Oct 14 5855 P STO 4.20 | 3 Oct 14 5850 P BTO 2.65",145,5859.85,"2024-10-14","16:00:00",0,0,"Expired",427.68,98.31724137931035,3,133709.68,1065,"SPX","*SPX--PCS--0DTE--Daily",7.32,1.585,1,14.78,27.33,100,-41.38
"2024-10-11","13:15:00",5805.24,"4 Oct 11 5805 P STO 6.70 | 4 Oct 11 5800 P BTO 4.80",180,5815.03,"2024-10-11","16:00:00",0,0,"Expired",710.24,98.64444444444445,4,133282,1280,"SPX","*SPX--PCS--0DTE--Daily",9.76,1.396,1,-4.96,30.15,100,-13.89
"2024-10-09","13:15:00",5781.38,"4 Oct 9 5780 P STO 7.40 | 4 Oct 9 5775 P BTO 5.55",175,5792.04,"2024-10-09","16:00:00",0,0,"Expired",690.24,98.60571428571428,4,132571.76,1300,"SPX","*SPX--PCS--0DTE--Daily",9.76,1.333,1,0.67,29.58,100,-45.71
"2024-09-19","13:15:00",5721.41,"3 Sep 19 5720 P STO 7.75 | 3 Sep 19 5715 P BTO 6.00",165,5713.64,"2024-09-19","16:00:00",0,500,"Expired",-1012.32,-204.50909090909093,3,131881.52,1005,"SPX","*SPX--PCS--0DTE--Daily",7.32,1.292,4.323,84.37,18.78,51.52,-203.03
"2024-09-13","13:15:00",5631.57,"4 Sep 13 5630 P STO 7.20 | 4 Sep 13 5625 P BTO 5.35",175,5626.02,"2024-09-13","16:00:00",0,398,"Expired",-901.76,-128.82285714285715,4,132893.84,1300,"SPX","*SPX--PCS--0DTE--Daily",9.76,1.346,16.2,7.58,28.23,22.86,-127.43
"2024-09-12","13:15:00",5581.62,"4 Sep 12 5580 P STO 9.50 | 4 Sep 12 5575 P BTO 7.50",190,5595.76,"2024-09-12","16:00:00",0,0,"Expired",750.24,98.71578947368421,4,133795.6,1240,"SPX","*SPX--PCS--0DTE--Daily",9.76,1.267,1,3.35,24.14,100,-10.53
"2024-08-29","13:15:00",5635.05,"4 Aug 29 5635 P STO 7.25 | 4 Aug 29 5630 P BTO 5.25",190,5591.96,"2024-08-29","16:00:00",0,500,"Expired",-1249.76,-164.4421052631579,4,133045.36,1240,"SPX","*SPX--PCS--0DTE--Daily",9.76,1.381,1.138,15.12,27.75,23.68,-163.16
"2024-08-27","13:15:00",5622.91,"3 Aug 27 5620 P STO 5.15 | 3 Aug 27 5615 P BTO 3.50",155,5625.8,"2024-08-27","16:00:00",0,0,"Expired",457.68,98.42580645161291,3,134295.12,1035,"SPX","*SPX--PCS--0DTE--Daily",7.32,1.471,1,-13.95,20.02,100,-12.9
"2024-08-19","13:15:00",5582.49,"3 Aug 19 5580 P STO 5.00 | 3 Aug 19 5575 P BTO 3.30",160,5608.25,"2024-08-19","16:00:00",0,0,"Expired",472.68,98.475,3,133837.44,1020,"SPX","*SPX--PCS--0DTE--Daily",7.32,1.515,1,2.98,25.26,100,-9.38
"2024-08-16","13:15:00",5557.44,"3 Aug 16 5555 P STO 5.65 | 3 Aug 16 5550 P BTO 3.90",165,5554.25,"2024-08-16","16:00:00",0,75,"Expired",262.68,53.06666666666667,3,133364.76,1005,"SPX","*SPX--PCS--0DTE--Daily",7.32,1.449,27,-12.72,26.94,54.55,-115.15
"2024-08-15","13:15:00",5530.75,"4 Aug 15 5530 P STO 7.15 | 4 Aug 15 5525 P BTO 5.35",170,5543.22,"2024-08-15","16:00:00",0,0,"Expired",670.24,98.56470588235294,4,133102.08,1320,"SPX","*SPX--PCS--0DTE--Daily",9.76,1.336,1,45.92,29.62,100,-8.82
"2024-08-13","13:15:00",5423.65,"3 Aug 13 5420 P STO 8.00 | 3 Aug 13 5415 P BTO 6.35",155,5434.43,"2024-08-13","16:00:00",0,0,"Expired",457.68,98.42580645161291,3,132431.84,1035,"SPX","*SPX--PCS--0DTE--Daily",7.32,1.26,1,32.59,46.67,100,-83.87
"2024-08-09","13:15:00",5341.08,"4 Aug 9 5340 P STO 11.00 | 4 Aug 9 5335 P BTO 9.00",190,5344.16,"2024-08-09","16:00:00",0,0,"Expired",750.24,98.71578947368421,4,131974.16,1240,"SPX","*SPX--PCS--0DTE--Daily",9.76,1.222,1,-4.65,26.42,100,-55.26
"2024-08-08","13:15:00",5295.79,"3 Aug 8 5290 P STO 14.00 | 3 Aug 8 5285 P BTO 12.30",160,5319.31,"2024-08-08","16:00:00",0,0,"Expired",472.68,98.475,3,131223.92,1020,"SPX","*SPX--PCS--0DTE--Daily",7.32,1.138,1,53.07,43.22,100,-6.25
"2024-07-31","13:15:00",5525.84,"4 Jul 31 5520 P STO 15.60 | 4 Jul 31 5515 P BTO 13.60",190,5522.3,"2024-07-31","16:00:00",0,0,"Expired",750.24,98.71578947368421,4,130751.24,1240,"SPX","*SPX--PCS--0DTE--Daily",9.76,1.147,8,69.15,20.25,100,-50
"2024-07-12","13:15:00",5638.37,"3 Jul 12 5635 P STO 4.65 | 3 Jul 12 5630 P BTO 3.10",145,5615.35,"2024-07-12","16:00:00",0,500,"Expired",-1072.32,-246.51034482758624,3,130001,1065,"SPX","*SPX--PCS--0DTE--Daily",7.32,1.5,1.077,6.22,47.61,96.55,-244.83
"2024-07-10","13:15:00",5614.14,"4 Jul 10 5615 P STO 5.75 | 4 Jul 10 5610 P BTO 3.75",190,5633.91,"2024-07-10","16:00:00",0,0,"Expired",750.24,98.71578947368421,4,131073.32,1240,"SPX","*SPX--PCS--0DTE--Daily",9.76,1.533,1,14.28,22.88,100,-31.58
"2024-07-05","13:15:00",5555.54,"4 Jul 5 5555 P STO 5.25 | 4 Jul 5 5550 P BTO 3.35",180,5567.19,"2024-07-05","16:00:00",0,0,"Expired",710.24,98.64444444444445,4,130323.08,1280,"SPX","*SPX--PCS--0DTE--Daily",9.76,1.567,1,0.89,17.63,100,-2.78
"2024-07-02","13:15:00",5487.75,"3 Jul 2 5485 P STO 4.65 | 3 Jul 2 5480 P BTO 3.05",150,5509.01,"2024-07-02","16:00:00",0,0,"Expired",442.68,98.37333333333333,3,129612.84,1050,"SPX","*SPX--PCS--0DTE--Daily",7.32,1.525,1,-13.25,25.91,100,-20
"2024-06-17","13:15:00",5462.11,"3 Jun 17 5460 P STO 5.15 | 3 Jun 17 5455 P BTO 3.55",150,5473.23,"2024-06-17","16:00:00",0,0,"Expired",442.68,98.37333333333333,3,129170.16,1050,"SPX","*SPX--PCS--0DTE--Daily",7.32,1.451,1,-0.49,31,100,0
"2024-06-12","13:15:00",5436.84,"3 Jun 12 5430 P STO 12.70 | 3 Jun 12 5425 P BTO 10.90",170,5421.03,"2024-06-12","16:00:00",0,500,"Expired",-997.32,-195.5529411764706,3,128727.48,990,"SPX","*SPX--PCS--0DTE--Daily",7.32,1.165,2.96,33.81,27.71,73.53,-194.12
"2024-06-07","13:15:00",5367.64,"3 Jun 7 5365 P STO 6.00 | 3 Jun 7 5360 P BTO 4.30",160,5346.99,"2024-06-07","16:00:00",0,500,"Expired",-1027.32,-214.025,3,129724.8,1020,"SPX","*SPX--PCS--0DTE--Daily",7.32,1.395,1.245,-9.15,23.83,34.38,-212.5
"2024-06-05","13:15:00",5337.05,"3 Jun 5 5335 P STO 5.95 | 3 Jun 5 5330 P BTO 4.30",155,5354.03,"2024-06-05","16:00:00",0,0,"Expired",457.68,98.42580645161291,3,130752.12,1035,"SPX","*SPX--PCS--0DTE--Daily",7.32,1.384,1,23.14,22.57,100,-58.06
"2024-05-24","13:15:00",5304.8,"4 May 24 5305 P STO 5.95 | 4 May 24 5300 P BTO 4.05",180,5304.72,"2024-05-24","16:00:00",0,28,"Expired",598.24,83.08888888888889,4,130294.44,1280,"SPX","*SPX--PCS--0DTE--Daily",9.76,1.469,29,13.61,23.35,84.44,-152.78
"2024-05-20","13:15:00",5321.64,"3 May 20 5320 P STO 3.45 | 3 May 20 5315 P BTO 2.05",130,5308.13,"2024-05-20","16:00:00",0,500,"Expired",-1117.32,-286.4923076923077,3,129696.2,1110,"SPX","*SPX--PCS--0DTE--Daily",7.32,1.683,1.566,2.08,16.29,3.85,-284.62
"2024-05-15","13:15:00",5299.03,"4 May 15 5300 P STO 5.80 | 4 May 15 5295 P BTO 3.75",195,5308.15,"2024-05-15","16:00:00",0,0,"Expired",770.24,98.74871794871794,4,130813.52,1220,"SPX","*SPX--PCS--0DTE--Daily",9.76,1.547,1,16.58,35.77,100,-33.33
"2024-05-09","13:15:00",5208.18,"3 May 9 5205 P STO 3.60 | 3 May 9 5200 P BTO 2.15",135,5214.08,"2024-05-09","16:00:00",0,0,"Expired",397.68,98.1925925925926,3,130043.28,1095,"SPX","*SPX--PCS--0DTE--Daily",7.32,1.674,1,1.36,19.15,100,-66.67
"2024-05-06","13:15:00",5159.72,"4 May 6 5160 P STO 5.65 | 4 May 6 5155 P BTO 3.65",190,5180.74,"2024-05-06","16:00:00",0,0,"Expired",750.24,98.71578947368421,4,129645.6,1240,"SPX","*SPX--PCS--0DTE--Daily",9.76,1.548,1,14.63,17.3,100,-15.79
"2024-04-26","13:15:00",5111.66,"4 Apr 26 5110 P STO 6.95 | 4 Apr 26 5105 P BTO 5.10",175,5099.96,"2024-04-26","16:00:00",0,500,"Expired",-1309.76,-187.10857142857142,4,128895.36,1300,"SPX","*SPX--PCS--0DTE--Daily",9.76,1.363,2.255,36.23,27.01,22.86,-185.71
"2024-04-23","13:15:00",5064.21,"3 Apr 23 5060 P STO 6.70 | 3 Apr 23 5055 P BTO 5.00",160,5070.55,"2024-04-23","16:00:00",0,0,"Expired",472.68,98.475,3,130205.12,1020,"SPX","*SPX--PCS--0DTE--Daily",7.32,1.34,1,18.25,35.36,100,-12.5
"2024-04-05","13:15:00",5206.82,"3 Apr 5 5205 P STO 9.30 | 3 Apr 5 5200 P BTO 7.45",175,5204.34,"2024-04-05","16:00:00",0,66,"Expired",319.68,60.89142857142858,3,129732.44,975,"SPX","*SPX--PCS--0DTE--Daily",7.32,1.248,11,11.74,47.87,68.57,-94.29
"2024-03-19","13:15:00",5166.61,"3 Mar 19 5165 P STO 5.60 | 3 Mar 19 5160 P BTO 3.75",175,5178.51,"2024-03-19","16:00:00",0,0,"Expired",517.68,98.60571428571427,3,129412.76,975,"SPX","*SPX--PCS--0DTE--Daily",7.32,1.493,1,-10.33,27.52,100,-17.14
"2024-03-07","13:15:00",5153.56,"3 Mar 7 5150 P STO 5.20 | 3 Mar 7 5145 P BTO 3.55",155,5157.36,"2024-03-07","16:00:00",0,0,"Expired",457.68,98.42580645161291,3,128895.08,1035,"SPX","*SPX--PCS--0DTE--Daily",7.32,1.465,1,27.62,21.18,100,-25.81
"2024-03-01","13:15:00",5127.66,"3 Mar 1 5125 P STO 4.80 | 3 Mar 1 5120 P BTO 3.05",165,5137.08,"2024-03-01","16:00:00",0,0,"Expired",487.68,98.52121212121212,3,128437.4,1005,"SPX","*SPX--PCS--0DTE--Daily",7.32,1.574,1,2.24,29.15,100,-9.09
"2024-02-22","13:15:00",5070.78,"3 Feb 22 5070 P STO 6.00 | 3 Feb 22 5065 P BTO 4.15",175,5087.03,"2024-02-22","16:00:00",0,0,"Expired",517.68,98.60571428571427,3,127949.72,975,"SPX","*SPX--PCS--0DTE--Daily",7.32,1.446,1,57.03,31.95,100,-2.86
"2024-02-15","13:15:00",5019.98,"4 Feb 15 5020 P STO 7.20 | 4 Feb 15 5015 P BTO 5.20",190,5029.73,"2024-02-15","16:00:00",0,0,"Expired",750.24,98.71578947368421,4,127432.04,1240,"SPX","*SPX--PCS--0DTE--Daily",9.76,1.385,1,2.52,16.84,100,0
"2024-02-12","13:15:00",5046.83,"3 Feb 12 5045 P STO 4.05 | 3 Feb 12 5040 P BTO 2.35",160,5021.84,"2024-02-12","16:00:00",0,500,"Expired",-1027.32,-214.025,3,126681.8,1020,"SPX","*SPX--PCS--0DTE--Daily",7.32,1.723,1.361,0.22,20,6.25,-212.5
"2024-02-07","13:15:00",4992.14,"3 Feb 7 4990 P STO 5.75 | 3 Feb 7 4985 P BTO 3.95",170,4995.06,"2024-02-07","16:00:00",0,0,"Expired",502.68,98.56470588235294,3,127709.12,990,"SPX","*SPX--PCS--0DTE--Daily",7.32,1.456,1,18.82,19.09,100,-11.76
"2024-02-02","13:15:00",4954.77,"3 Feb 2 4950 P STO 6.20 | 3 Feb 2 4945 P BTO 4.55",155,4958.61,"2024-02-02","16:00:00",0,0,"Expired",457.68,98.42580645161291,3,127206.44,1035,"SPX","*SPX--PCS--0DTE--Daily",7.32,1.363,1,9.87,38.71,100,-32.26
"2024-01-19","13:15:00",4820.23,"4 Jan 19 4820 P STO 6.50 | 4 Jan 19 4815 P BTO 4.35",205,4839.81,"2024-01-19","16:00:00",0,0,"Expired",810.24,98.80975609756098,4,126748.76,1180,"SPX","*SPX--PCS--0DTE--Daily",9.76,1.494,1,15.34,23.95,100,0
"2024-01-09","13:15:00",4760.35,"3 Jan 9 4760 P STO 5.05 | 3 Jan 9 4755 P BTO 3.15",180,4756.5,"2024-01-09","16:00:00",0,350,"Expired",-517.32,-95.80000000000001,3,125938.52,960,"SPX","*SPX--PCS--0DTE--Daily",7.32,1.603,17,-21.61,18.42,13.89,-175
"2024-01-08","13:15:00",4731.68,"3 Jan 8 4730 P STO 4.45 | 3 Jan 8 4725 P BTO 2.80",155,4763.54,"2024-01-08","16:00:00",0,0,"Expired",457.68,98.42580645161291,3,126455.84,1035,"SPX","*SPX--PCS--0DTE--Daily",7.32,1.589,1,6.46,27.98,100,-12.9
"2023-12-19","13:15:00",4758.88,"4 Dec 19 4760 P STO 4.75 | 4 Dec 19 4755 P BTO 2.65",200,4768.37,"2023-12-19","16:00:00",0,0,"Expired",790.24,98.78,4,125998.16,1200,"SPX","*SPX--PCS--0DTE--Daily",9.76,1.792,1,3.16,15.16,100,-20
"2023-12-18","13:15:00",4743.6,"3 Dec 18 4740 P STO 2.95 | 3 Dec 18 4735 P BTO 1.55",130,4740.56,"2023-12-18","16:00:00",0,0,"Expired",382.68,98.12307692307692,3,125207.92,1110,"SPX","*SPX--PCS--0DTE--Daily",7.32,1.903,2,6.39,18.02,100,-11.54
"2023-12-11","13:15:00",4613.27,"3 Dec 11 4610 P STO 2.65 | 3 Dec 11 4605 P BTO 1.40",115,4622.44,"2023-12-11","16:00:00",0,0,"Expired",337.68,97.87826086956521,3,124825.24,1155,"SPX","*SPX--PCS--0DTE--Daily",7.32,1.893,1,-10.98,19.88,100,0
"2023-12-08","13:15:00",4595.96,"3 Dec 8 4595 P STO 4.20 | 3 Dec 8 4590 P BTO 2.40",170,4604.37,"2023-12-08","16:00:00",0,0,"Expired",502.68,98.56470588235294,3,124487.56,990,"SPX","*SPX--PCS--0DTE--Daily",7.32,1.75,1,-9.39,19.76,100,-32.35
"2023-12-07","13:15:00",4586.69,"3 Dec 7 4585 P STO 3.90 | 3 Dec 7 4580 P BTO 2.25",155,4585.59,"2023-12-07","16:00:00",0,0,"Expired",457.68,98.42580645161291,3,123984.88,1035,"SPX","*SPX--PCS--0DTE--Daily",7.32,1.733,4,19.5,17.85,100,-54.84
"2023-12-01","13:15:00",4591.16,"3 Dec 1 4590 P STO 5.60 | 3 Dec 1 4585 P BTO 3.75",175,4594.63,"2023-12-01","16:00:00",0,0,"Expired",517.68,98.60571428571427,3,123527.2,975,"SPX","*SPX--PCS--0DTE--Daily",7.32,1.493,1,-8.37,31.73,100,-60
"2023-11-20","13:15:00",4542.29,"3 Nov 20 4540 P STO 3.35 | 3 Nov 20 4535 P BTO 1.85",140,4547.38,"2023-11-20","16:00:00",0,0,"Expired",412.68,98.25714285714285,3,123009.52,1080,"SPX","*SPX--PCS--0DTE--Daily",7.32,1.811,1,-2.32,30.59,100,-28.57
"2023-11-14","13:15:00",4493.43,"3 Nov 14 4490 P STO 4.15 | 3 Nov 14 4485 P BTO 2.60",145,4495.7,"2023-11-14","16:00:00",0,0,"Expired",427.68,98.31724137931035,3,122596.84,1065,"SPX","*SPX--PCS--0DTE--Daily",7.32,1.596,1,47.42,34.46,100,-86.21
"2023-11-10","13:15:00",4392.87,"3 Nov 10 4390 P STO 4.30 | 3 Nov 10 4385 P BTO 2.75",145,4415.24,"2023-11-10","16:00:00",0,0,"Expired",427.68,98.31724137931035,3,122169.16,1065,"SPX","*SPX--PCS--0DTE--Daily",7.32,1.564,1,16.8,28.72,100,-20.69
"2023-11-07","13:15:00",4381.43,"3 Nov 7 4380 P STO 3.85 | 3 Nov 7 4375 P BTO 2.15",160,4378.38,"2023-11-07","16:00:00",0,162,"Expired",-13.32,-2.7750000000000004,3,121741.48,1020,"SPX","*SPX--PCS--0DTE--Daily",7.32,1.791,25,0.23,15.22,93.75,-156.25
"2023-11-03","13:15:00",4363.55,"3 Nov 3 4360 P STO 4.25 | 3 Nov 3 4355 P BTO 2.70",145,4358.34,"2023-11-03","16:00:00",0,166,"Expired",-70.32,-16.16551724137931,3,121754.8,1065,"SPX","*SPX--PCS--0DTE--Daily",7.32,1.574,29,16.45,29.32,93.1,-37.93
"2023-11-02","13:15:00",4307.71,"3 Nov 2 4305 P STO 4.40 | 3 Nov 2 4300 P BTO 2.80",150,4317.78,"2023-11-02","16:00:00",0,0,"Expired",442.68,98.37333333333333,3,121825.12,1050,"SPX","*SPX--PCS--0DTE--Daily",7.32,1.571,1,30.4,39.45,100,-23.33
"2023-10-17","13:15:00",4377.5,"3 Oct 17 4375 P STO 6.05 | 3 Oct 17 4370 P BTO 4.25",170,4373.2,"2023-10-17","16:00:00",0,180,"Expired",-37.32,-7.317647058823528,3,121382.44,990,"SPX","*SPX--PCS--0DTE--Daily",7.32,1.424,35,-28.4,32.27,2.94,-185.29
"2023-10-16","13:15:00",4379.21,"3 Oct 16 4375 P STO 5.10 | 3 Oct 16 4370 P BTO 3.55",145,4373.63,"2023-10-16","16:00:00",0,137,"Expired",16.68,3.8344827586206893,3,121419.76,1065,"SPX","*SPX--PCS--0DTE--Daily",7.32,1.437,44.5,14.59,36.84,93.1,-134.48
"2023-10-10","13:15:00",4362.94,"3 Oct 10 4360 P STO 7.20 | 3 Oct 10 4355 P BTO 5.50",160,4358.24,"2023-10-10","16:00:00",0,176,"Expired",-55.32,-11.525,3,121403.08,1020,"SPX","*SPX--PCS--0DTE--Daily",7.32,1.309,27,4.09,23.19,56.25,-50
"2023-10-09","13:15:00",4305.94,"4 Oct 9 4305 P STO 7.30 | 4 Oct 9 4300 P BTO 5.15",205,4335.66,"2023-10-09","16:00:00",0,0,"Expired",810.24,98.80975609756098,4,121458.4,1180,"SPX","*SPX--PCS--0DTE--Daily",9.76,1.417,1,-19.48,16.92,100,-2.44
"2023-10-06","13:15:00",4302.89,"3 Oct 6 4300 P STO 6.55 | 3 Oct 6 4295 P BTO 4.75",170,4308.5,"2023-10-06","16:00:00",0,0,"Expired",502.68,98.56470588235294,3,120648.16,990,"SPX","*SPX--PCS--0DTE--Daily",7.32,1.379,1,-23.4,68.1,100,-8.82
"2023-09-28","13:15:00",4305.27,"3 Sep 28 4305 P STO 8.20 | 3 Sep 28 4300 P BTO 6.15",195,4299.7,"2023-09-28","16:00:00",0,500,"Expired",-922.32,-157.66153846153844,3,120145.48,915,"SPX","*SPX--PCS--0DTE--Daily",7.32,1.333,5.217,-4.86,35.62,61.54,-156.41
"2023-09-14","13:15:00",4506.19,"3 Sep 14 4505 P STO 4.00 | 3 Sep 14 4500 P BTO 2.45",145,4505.1,"2023-09-14","16:00:00",0,0,"Expired",427.68,98.31724137931035,3,121067.8,1065,"SPX","*SPX--PCS--0DTE--Daily",7.32,1.633,2,20.34,18.41,100,-68.97
"2023-08-30","13:15:00",4518.52,"3 Aug 30 4515 P STO 4.10 | 3 Aug 30 4510 P BTO 2.60",140,4514.87,"2023-08-30","16:00:00",0,13,"Expired",373.68,88.97142857142856,3,120640.12,1080,"SPX","*SPX--PCS--0DTE--Daily",7.32,1.577,5,2.71,18.18,90.71,-135.71
"2023-08-29","13:15:00",4488.66,"3 Aug 29 4485 P STO 4.90 | 3 Aug 29 4480 P BTO 3.30",150,4497.63,"2023-08-29","16:00:00",0,0,"Expired",442.68,98.37333333333333,3,120266.44,1050,"SPX","*SPX--PCS--0DTE--Daily",7.32,1.485,1,-0.56,55.91,100,-30
"2023-08-23","13:15:00",4433.01,"3 Aug 23 4430 P STO 3.95 | 3 Aug 23 4425 P BTO 2.55",130,4436.01,"2023-08-23","16:00:00",0,0,"Expired",382.68,98.12307692307692,3,119823.76,1110,"SPX","*SPX--PCS--0DTE--Daily",7.32,1.549,1,8.89,36.57,100,-19.23
"2023-08-14","13:15:00",4483.75,"3 Aug 14 4480 P STO 4.30 | 3 Aug 14 4475 P BTO 2.75",145,4489.72,"2023-08-14","16:00:00",0,0,"Expired",427.68,98.31724137931035,3,119441.08,1065,"SPX","*SPX--PCS--0DTE--Daily",7.32,1.564,1,-5.92,25.62,100,-103.45
"2023-07-28","13:15:00",4580.97,"3 Jul 28 4580 P STO 5.35 | 3 Jul 28 4575 P BTO 3.55",170,4582.23,"2023-07-28","16:00:00",0,0,"Expired",502.68,98.56470588235294,3,119013.4,990,"SPX","*SPX--PCS--0DTE--Daily",7.32,1.507,1,28.34,15.22,100,-129.41
"2023-07-25","13:15:00",4571.98,"3 Jul 25 4570 P STO 3.45 | 3 Jul 25 4565 P BTO 1.85",150,4567.46,"2023-07-25","16:00:00",0,254,"Expired",-319.32,-70.96000000000001,3,118510.72,1050,"SPX","*SPX--PCS--0DTE--Daily",7.32,1.865,35,0.55,16.79,86.67,-69.33
"2023-07-18","13:15:00",4547.02,"3 Jul 18 4545 P STO 3.65 | 3 Jul 18 4540 P BTO 2.00",155,4554.98,"2023-07-18","16:00:00",0,0,"Expired",457.68,98.42580645161291,3,118830.04,1035,"SPX","*SPX--PCS--0DTE--Daily",7.32,1.825,1,-1.01,25.24,100,-32.26
"2023-06-30","13:15:00",4449.88,"3 Jun 30 4450 P STO 5.75 | 3 Jun 30 4445 P BTO 3.75",190,4450.38,"2023-06-30","16:00:00",0,0,"Expired",562.68,98.7157894736842,3,118372.36,930,"SPX","*SPX--PCS--0DTE--Daily",7.32,1.533,13,26,27.44,100,-10.53
"2023-06-29","13:15:00",4390.08,"3 Jun 29 4390 P STO 5.55 | 3 Jun 29 4385 P BTO 3.55",190,4396.44,"2023-06-29","16:00:00",0,0,"Expired",562.68,98.7157894736842,3,117809.68,930,"SPX","*SPX--PCS--0DTE--Daily",7.32,1.563,1,-1.92,15.14,100,-81.58
"2023-06-27","13:15:00",4367.3,"3 Jun 27 4365 P STO 3.90 | 3 Jun 27 4360 P BTO 2.35",145,4378.41,"2023-06-27","16:00:00",0,0,"Expired",427.68,98.31724137931035,3,117247,1065,"SPX","*SPX--PCS--0DTE--Daily",7.32,1.66,1,8.54,29.94,100,-10.34
"2023-06-15","13:15:00",4402.94,"3 Jun 15 4400 P STO 4.60 | 3 Jun 15 4395 P BTO 2.95",155,4425.84,"2023-06-15","16:00:00",0,0,"Expired",457.68,98.42580645161291,3,116819.32,1035,"SPX","*SPX--PCS--0DTE--Daily",7.32,1.559,1,-7.26,37.61,100,-3.23
"2023-06-13","13:15:00",4369,"3 Jun 13 4365 P STO 3.80 | 3 Jun 13 4360 P BTO 2.25",145,4369.01,"2023-06-13","16:00:00",0,0,"Expired",427.68,98.31724137931035,3,116361.64,1065,"SPX","*SPX--PCS--0DTE--Daily",7.32,1.689,1,13.68,16.39,100,-144.83
"2023-06-08","13:15:00",4289.07,"3 Jun 8 4290 P STO 5.05 | 3 Jun 8 4285 P BTO 2.95",200,4293.93,"2023-06-08","16:00:00",0,0,"Expired",592.68,98.77999999999999,3,115933.96,900,"SPX","*SPX--PCS--0DTE--Daily",7.32,1.712,1,1.17,20.38,100,-85
"2023-06-02","13:15:00",4281.22,"3 Jun 2 4280 P STO 4.95 | 3 Jun 2 4275 P BTO 3.15",170,4282.37,"2023-06-02","16:00:00",0,0,"Expired",502.68,98.56470588235294,3,115341.28,990,"SPX","*SPX--PCS--0DTE--Daily",7.32,1.571,2,19.99,40.21,100,-29.41
"2023-06-01","13:15:00",4220.41,"3 Jun 1 4220 P STO 4.95 | 3 Jun 1 4215 P BTO 3.05",180,4221.02,"2023-06-01","16:00:00",0,0,"Expired",532.68,98.64444444444443,3,114838.6,960,"SPX","*SPX--PCS--0DTE--Daily",7.32,1.623,3,3.2,37.38,100,-94.44
"2023-05-26","13:15:00",4203.97,"3 May 26 4200 P STO 4.80 | 3 May 26 4195 P BTO 3.25",145,4205.45,"2023-05-26","16:00:00",0,0,"Expired",427.68,98.31724137931035,3,114305.92,1065,"SPX","*SPX--PCS--0DTE--Daily",7.32,1.477,1,4.88,47.81,100,-75.86
"2023-05-17","13:15:00",4154.73,"3 May 17 4155 P STO 6.70 | 3 May 17 4150 P BTO 4.55",205,4158.77,"2023-05-17","16:00:00",0,0,"Expired",607.68,98.80975609756096,3,113878.24,885,"SPX","*SPX--PCS--0DTE--Daily",7.32,1.473,1,12.95,31.88,100,-29.27
"2023-05-15","13:15:00",4139.55,"3 May 15 4140 P STO 5.15 | 3 May 15 4135 P BTO 3.10",195,4136.28,"2023-05-15","16:00:00",0,372,"Expired",-538.32,-92.02051282051283,3,113270.56,915,"SPX","*SPX--PCS--0DTE--Daily",7.32,1.661,28.333,2.57,12.9,2.56,-148.72
"2023-05-05","13:15:00",4123,"3 May 5 4120 P STO 5.05 | 3 May 5 4115 P BTO 3.35",160,4136.25,"2023-05-05","16:00:00",0,0,"Expired",472.68,98.475,3,113808.88,1020,"SPX","*SPX--PCS--0DTE--Daily",7.32,1.507,1,23.51,38.27,100,-15.62
"2023-05-01","13:15:00",4182.82,"3 May 1 4180 P STO 3.60 | 3 May 1 4175 P BTO 2.10",140,4167.87,"2023-05-01","16:00:00",0,500,"Expired",-1087.32,-258.8857142857143,3,113336.2,1080,"SPX","*SPX--PCS--0DTE--Daily",7.32,1.714,1.686,-2.69,16.03,0,-257.14
"2023-04-28","13:15:00",4165.59,"3 Apr 28 4165 P STO 5.50 | 3 Apr 28 4160 P BTO 3.55",185,4169.48,"2023-04-28","16:00:00",0,0,"Expired",547.68,98.68108108108106,3,114423.52,945,"SPX","*SPX--PCS--0DTE--Daily",7.32,1.549,1,-5.72,35.96,100,-108.11
"2023-04-27","13:15:00",4109.99,"3 Apr 27 4110 P STO 4.95 | 3 Apr 27 4105 P BTO 3.15",170,4135.35,"2023-04-27","16:00:00",0,0,"Expired",502.68,98.56470588235294,3,113875.84,990,"SPX","*SPX--PCS--0DTE--Daily",7.32,1.571,1,19.3,34.7,100,-8.82
"2023-04-19","13:15:00",4156.11,"3 Apr 19 4155 P STO 4.40 | 3 Apr 19 4150 P BTO 2.65",165,4154.52,"2023-04-19","16:00:00",0,48,"Expired",343.68,69.43030303030304,3,113373.16,1005,"SPX","*SPX--PCS--0DTE--Daily",7.32,1.66,13,-15.54,16.78,70.91,-115.15
"2023-04-13","13:15:00",4131.21,"3 Apr 13 4130 P STO 5.20 | 3 Apr 13 4125 P BTO 3.55",155,4146.22,"2023-04-13","16:00:00",0,0,"Expired",457.68,98.42580645161291,3,113029.48,1035,"SPX","*SPX--PCS--0DTE--Daily",7.32,1.465,1,8.09,31.17,100,-12.9
"2023-03-31","13:15:00",4086.21,"3 Mar 31 4085 P STO 6.85 | 3 Mar 31 4080 P BTO 4.85",190,4109.31,"2023-03-31","16:00:00",0,0,"Expired",562.68,98.7157894736842,3,112571.8,930,"SPX","*SPX--PCS--0DTE--Daily",7.32,1.412,1,5.35,30.03,100,-28.95
"2023-03-29","13:15:00",4017.04,"3 Mar 29 4015 P STO 5.50 | 3 Mar 29 4010 P BTO 3.80",160,4027.81,"2023-03-29","16:00:00",0,0,"Expired",472.68,98.475,3,112009.12,1020,"SPX","*SPX--PCS--0DTE--Daily",7.32,1.447,1,28.26,17.51,100,-87.5
"2023-03-23","13:15:00",3974.71,"3 Mar 23 3970 P STO 7.90 | 3 Mar 23 3965 P BTO 6.25",155,3948.72,"2023-03-23","16:00:00",0,500,"Expired",-1042.32,-224.1548387096774,3,111536.44,1035,"SPX","*SPX--PCS--0DTE--Daily",7.32,1.264,1.258,22.24,15.5,12.9,-222.58
"2023-03-20","13:15:00",3950.86,"3 Mar 20 3950 P STO 9.50 | 3 Mar 20 3945 P BTO 7.40",200,3951.57,"2023-03-20","16:00:00",0,0,"Expired",592.68,98.77999999999999,3,112578.76,900,"SPX","*SPX--PCS--0DTE--Daily",7.32,1.284,2,0.83,33.39,100,-97.5
"2023-03-16","13:15:00",3955.77,"3 Mar 16 3950 P STO 8.90 | 3 Mar 16 3945 P BTO 7.10",170,3960.28,"2023-03-16","16:00:00",0,0,"Expired",502.68,98.56470588235294,3,111986.08,990,"SPX","*SPX--PCS--0DTE--Daily",7.32,1.254,1,-13,76.84,100,-94.12
"2023-03-03","13:15:00",4035.99,"3 Mar 3 4035 P STO 6.60 | 3 Mar 3 4030 P BTO 4.55",195,4045.64,"2023-03-03","16:00:00",0,0,"Expired",577.68,98.74871794871794,3,111483.4,915,"SPX","*SPX--PCS--0DTE--Daily",7.32,1.451,1,16.67,37.97,100,-33.33
"2023-02-28","13:15:00",3993.69,"3 Feb 28 3990 P STO 5.80 | 3 Feb 28 3985 P BTO 4.05",165,3970.15,"2023-02-28","16:00:00",0,500,"Expired",-1012.32,-204.50909090909093,3,110905.72,1005,"SPX","*SPX--PCS--0DTE--Daily",7.32,1.432,1.319,-5.05,16.5,21.21,-203.03
"2023-02-13","13:15:00",4127.67,"3 Feb 13 4125 P STO 6.25 | 3 Feb 13 4120 P BTO 4.40",175,4137.29,"2023-02-13","16:00:00",0,0,"Expired",517.68,98.60571428571427,3,111918.04,975,"SPX","*SPX--PCS--0DTE--Daily",7.32,1.42,1,6.16,31.05,100,-42.86
"2023-02-07","13:15:00",4139.63,"3 Feb 7 4135 P STO 10.45 | 3 Feb 7 4130 P BTO 8.45",190,4164,"2023-02-07","16:00:00",0,0,"Expired",562.68,98.7157894736842,3,111400.36,930,"SPX","*SPX--PCS--0DTE--Daily",7.32,1.237,1,-5.73,34.28,100,-152.63
"2023-02-02","13:15:00",4179.1,"3 Feb 2 4175 P STO 6.50 | 3 Feb 2 4170 P BTO 4.70",170,4179.76,"2023-02-02","16:00:00",0,0,"Expired",502.68,98.56470588235294,3,110837.68,990,"SPX","*SPX--PCS--0DTE--Daily",7.32,1.383,1,39.47,20.42,100,-167.65
"2023-01-31","13:15:00",4049.64,"3 Jan 31 4045 P STO 5.15 | 3 Jan 31 4040 P BTO 3.50",155,4076.6,"2023-01-31","16:00:00",0,0,"Expired",457.68,98.42580645161291,3,110335,1035,"SPX","*SPX--PCS--0DTE--Daily",7.32,1.471,1,3.08,28.79,100,-29.03
"2023-01-27","13:15:00",4073.8,"3 Jan 27 4070 P STO 5.75 | 3 Jan 27 4065 P BTO 3.95",170,4070.56,"2023-01-27","16:00:00",0,0,"Expired",502.68,98.56470588235294,3,109877.32,990,"SPX","*SPX--PCS--0DTE--Daily",7.32,1.456,5,-6.71,20.08,100,-26.47
"2023-01-24","13:15:00",4015.21,"3 Jan 24 4015 P STO 6.90 | 3 Jan 24 4010 P BTO 4.80",200,4016.95,"2023-01-24","16:00:00",0,0,"Expired",592.68,98.77999999999999,3,109374.64,900,"SPX","*SPX--PCS--0DTE--Daily",7.32,1.438,1,-18.07,13.47,100,-110
"2023-01-23","13:15:00",4029.84,"3 Jan 23 4030 P STO 7.60 | 3 Jan 23 4025 P BTO 5.50",200,4019.81,"2023-01-23","16:00:00",0,500,"Expired",-907.32,-151.22,3,108781.96,900,"SPX","*SPX--PCS--0DTE--Daily",7.32,1.382,2.055,5.53,51.7,47.5,-150
"2023-01-13","13:15:00",3979.78,"3 Jan 13 3980 P STO 6.95 | 3 Jan 13 3975 P BTO 4.70",215,3999.09,"2023-01-13","16:00:00",0,0,"Expired",637.68,98.86511627906975,3,109689.28,855,"SPX","*SPX--PCS--0DTE--Daily",7.32,1.479,1,-22.57,19.18,100,-30.23
"2023-01-12","13:15:00",3994.07,"3 Jan 12 3990 P STO 5.90 | 3 Jan 12 3985 P BTO 4.15",165,3983.17,"2023-01-12","16:00:00",0,500,"Expired",-1012.32,-204.50909090909093,3,109051.6,1005,"SPX","*SPX--PCS--0DTE--Daily",7.32,1.422,4.724,7.96,16.5,9.09,-203.03
"2023-01-11","13:15:00",3954.3,"3 Jan 11 3955 P STO 7.10 | 3 Jan 11 3950 P BTO 5.00",200,3969.61,"2023-01-11","16:00:00",0,0,"Expired",592.68,98.77999999999999,3,110063.92,900,"SPX","*SPX--PCS--0DTE--Daily",7.32,1.42,1,13.1,21.95,100,-65
"2023-01-10","13:15:00",3903.97,"3 Jan 10 3900 P STO 6.00 | 3 Jan 10 3895 P BTO 4.30",160,3919.25,"2023-01-10","16:00:00",0,0,"Expired",472.68,98.475,3,109471.24,1020,"SPX","*SPX--PCS--0DTE--Daily",7.32,1.395,1,-3.52,15.4,100,-31.25
"2023-01-09","13:15:00",3933.03,"3 Jan 9 3930 P STO 6.00 | 3 Jan 9 3925 P BTO 4.25",165,3892.09,"2023-01-09","16:00:00",0,500,"Expired",-1012.32,-204.50909090909093,3,108998.56,1005,"SPX","*SPX--PCS--0DTE--Daily",7.32,1.412,1.198,15.74,22.21,15.15,-203.03
"2023-01-06","13:15:00",3872.38,"3 Jan 6 3870 P STO 7.00 | 3 Jan 6 3865 P BTO 5.10",180,3895.08,"2023-01-06","16:00:00",0,0,"Expired",532.68,98.64444444444443,3,110010.88,960,"SPX","*SPX--PCS--0DTE--Daily",7.32,1.373,1,15.27,49.01,100,-11.11
"2023-01-04","13:15:00",3860.08,"3 Jan 4 3855 P STO 10.10 | 3 Jan 4 3850 P BTO 8.20",180,3852.97,"2023-01-04","16:00:00",0,203,"Expired",-76.32,-14.133333333333331,3,109478.2,960,"SPX","*SPX--PCS--0DTE--Daily",7.32,1.232,106,16.22,19.72,22.22,-177.78
"2022-12-29","13:15:00",3851.39,"3 Dec 29 3850 P STO 5.90 | 3 Dec 29 3845 P BTO 4.10",170,3849.28,"2022-12-29","16:00:00",0,72,"Expired",286.68,56.21176470588235,3,109554.52,990,"SPX","*SPX--PCS--0DTE--Daily",7.32,1.439,7.5,22.23,45.94,88.24,-26.47
"2022-12-21","13:15:00",3880.87,"3 Dec 21 3880 P STO 6.40 | 3 Dec 21 3875 P BTO 4.35",195,3878.44,"2022-12-21","16:00:00",0,156,"Expired",109.68,18.74871794871795,3,109267.84,915,"SPX","*SPX--PCS--0DTE--Daily",7.32,1.471,45,17.87,41.38,56.41,-148.72
"2022-12-14","13:15:00",4040.05,"3 Dec 14 4030 P STO 30.10 | 3 Dec 14 4025 P BTO 27.90",210,3995.32,"2022-12-14","16:00:00",0,500,"Expired",-877.32,-139.25714285714287,3,109158.16,870,"SPX","*SPX--PCS--0DTE--Daily",7.32,1.079,1.166,-4.11,24.51,11.9,-138.1
"2022-12-12","13:15:00",3952.62,"3 Dec 12 3950 P STO 5.90 | 3 Dec 12 3945 P BTO 4.30",150,3990.56,"2022-12-12","16:00:00",0,0,"Expired",442.68,98.37333333333333,3,110035.48,1050,"SPX","*SPX--PCS--0DTE--Daily",7.32,1.372,1,4.91,13.33,100,-13.33
"2022-11-22","13:15:00",3987.58,"3 Nov 22 3985 P STO 5.30 | 3 Nov 22 3980 P BTO 3.60",160,4003.58,"2022-11-22","16:00:00",0,0,"Expired",472.68,98.475,3,109592.8,1020,"SPX","*SPX--PCS--0DTE--Daily",7.32,1.472,1,15.57,22.07,100,-18.75
"2022-11-14","13:15:00",3998.78,"3 Nov 14 3995 P STO 6.50 | 3 Nov 14 3990 P BTO 4.70",170,3957.25,"2022-11-14","16:00:00",0,500,"Expired",-997.32,-195.5529411764706,3,109120.12,990,"SPX","*SPX--PCS--0DTE--Daily",7.32,1.383,1.16,-14.96,20.81,52.94,-194.12
"2022-11-11","13:15:00",3977.14,"3 Nov 11 3975 P STO 8.25 | 3 Nov 11 3970 P BTO 6.25",190,3992.93,"2022-11-11","16:00:00",0,0,"Expired",562.68,98.7157894736842,3,110117.44,930,"SPX","*SPX--PCS--0DTE--Daily",7.32,1.32,1,7.35,13.42,100,0
"2022-11-10","13:15:00",3913.89,"3 Nov 10 3910 P STO 9.55 | 3 Nov 10 3905 P BTO 7.70",175,3956.37,"2022-11-10","16:00:00",0,0,"Expired",517.68,98.60571428571427,3,109554.76,975,"SPX","*SPX--PCS--0DTE--Daily",7.32,1.24,1,111.32,54,100,-34.29
"2022-11-08","13:15:00",3857.01,"3 Nov 8 3855 P STO 7.15 | 3 Nov 8 3850 P BTO 5.25",180,3828.11,"2022-11-08","16:00:00",0,500,"Expired",-967.32,-179.13333333333333,3,109037.08,960,"SPX","*SPX--PCS--0DTE--Daily",7.32,1.362,1.222,10.22,39.99,0,-177.78
"2022-10-28","13:15:00",3887.26,"3 Oct 28 3885 P STO 7.50 | 3 Oct 28 3880 P BTO 5.50",190,3901.06,"2022-10-28","16:00:00",0,0,"Expired",562.68,98.7157894736842,3,110004.4,930,"SPX","*SPX--PCS--0DTE--Daily",7.32,1.364,1,0.96,79,100,-21.05
"2022-10-26","13:15:00",3849.61,"3 Oct 26 3845 P STO 7.60 | 3 Oct 26 3840 P BTO 5.75",175,3830.6,"2022-10-26","16:00:00",0,500,"Expired",-982.32,-187.10857142857142,3,109441.72,975,"SPX","*SPX--PCS--0DTE--Daily",7.32,1.322,1.938,-33.14,23.64,25.71,-185.71
"2022-10-25","13:15:00",3837.41,"3 Oct 25 3835 P STO 7.80 | 3 Oct 25 3830 P BTO 5.90",180,3859.11,"2022-10-25","16:00:00",0,0,"Expired",532.68,98.64444444444443,3,110424.04,960,"SPX","*SPX--PCS--0DTE--Daily",7.32,1.322,1,2.1,37.97,100,-22.22
"2022-10-24","13:15:00",3784.1,"3 Oct 24 3780 P STO 8.10 | 3 Oct 24 3775 P BTO 6.30",170,3797.34,"2022-10-24","16:00:00",0,0,"Expired",502.68,98.56470588235294,3,109891.36,990,"SPX","*SPX--PCS--0DTE--Daily",7.32,1.286,1,9.26,22.09,100,-44.12
"2022-10-21","13:15:00",3721.48,"3 Oct 21 3720 P STO 11.00 | 3 Oct 21 3715 P BTO 9.00",190,3752.75,"2022-10-21","16:00:00",0,0,"Expired",562.68,98.7157894736842,3,109388.68,930,"SPX","*SPX--PCS--0DTE--Daily",7.32,1.222,1,-8.68,64.38,100,-21.05
"2022-10-17","13:15:00",3676.92,"3 Oct 17 3675 P STO 10.55 | 3 Oct 17 3670 P BTO 8.55",190,3677.95,"2022-10-17","16:00:00",0,0,"Expired",562.68,98.7157894736842,3,108826,930,"SPX","*SPX--PCS--0DTE--Daily",7.32,1.234,1,55.58,38.27,100,-23.68
"2022-10-13","13:15:00",3643.31,"3 Oct 13 3640 P STO 12.25 | 3 Oct 13 3635 P BTO 10.25",190,3669.91,"2022-10-13","16:00:00",0,0,"Expired",562.68,98.7157894736842,3,108263.32,930,"SPX","*SPX--PCS--0DTE--Daily",7.32,1.195,1,-56.66,122.94,100,0
"2022-10-05","13:15:00",3775.78,"3 Oct 5 3775 P STO 9.40 | 3 Oct 5 3770 P BTO 7.30",200,3783.28,"2022-10-05","16:00:00",0,0,"Expired",592.68,98.77999999999999,3,107700.64,900,"SPX","*SPX--PCS--0DTE--Daily",7.32,1.288,2,-37.68,22.53,100,-30
"2022-10-04","13:15:00",3764.44,"3 Oct 4 3760 P STO 9.15 | 3 Oct 4 3755 P BTO 7.30",175,3790.93,"2022-10-04","16:00:00",0,0,"Expired",517.68,98.60571428571427,3,107107.96,975,"SPX","*SPX--PCS--0DTE--Daily",7.32,1.253,1,48.03,37.98,100,-37.14
"2022-10-03","13:15:00",3660.15,"3 Oct 3 3655 P STO 8.25 | 3 Oct 3 3650 P BTO 6.50",165,3678.43,"2022-10-03","16:00:00",0,0,"Expired",487.68,98.52121212121212,3,106590.28,1005,"SPX","*SPX--PCS--0DTE--Daily",7.32,1.269,1,24.16,50.37,100,-6.06
"2022-09-28","13:15:00",3709.87,"3 Sep 28 3705 P STO 9.70 | 3 Sep 28 3700 P BTO 8.00",160,3719.04,"2022-09-28","16:00:00",0,0,"Expired",472.68,98.475,3,106102.6,1020,"SPX","*SPX--PCS--0DTE--Daily",7.32,1.212,1,4.65,57.93,100,-84.38
"2022-09-12","13:15:00",4108.58,"3 Sep 12 4105 P STO 7.25 | 3 Sep 12 4100 P BTO 5.40",175,4110.41,"2022-09-12","16:00:00",0,0,"Expired",517.68,98.60571428571427,3,105629.92,975,"SPX","*SPX--PCS--0DTE--Daily",7.32,1.343,1,16.31,24.91,100,-71.43
"2022-09-09","13:15:00",4065.51,"3 Sep 9 4065 P STO 8.90 | 3 Sep 9 4060 P BTO 6.80",200,4067.36,"2022-09-09","16:00:00",0,0,"Expired",592.68,98.77999999999999,3,105112.24,900,"SPX","*SPX--PCS--0DTE--Daily",7.32,1.309,3,16.76,42.57,100,-17.5
"2022-09-08","13:15:00",3993.18,"3 Sep 8 3990 P STO 9.35 | 3 Sep 8 3985 P BTO 7.45",180,4006.18,"2022-09-08","16:00:00",0,0,"Expired",532.68,98.64444444444443,3,104519.56,960,"SPX","*SPX--PCS--0DTE--Daily",7.32,1.255,1,-19.93,33.24,100,-52.78
"2022-09-07","13:15:00",3953.21,"3 Sep 7 3950 P STO 9.20 | 3 Sep 7 3945 P BTO 7.30",180,3979.87,"2022-09-07","16:00:00",0,0,"Expired",532.68,98.64444444444443,3,103986.88,960,"SPX","*SPX--PCS--0DTE--Daily",7.32,1.26,1,1.24,43.78,100,-25
"2022-08-16","13:15:00",4310.72,"3 Aug 16 4310 P STO 5.60 | 3 Aug 16 4305 P BTO 3.70",180,4305.2,"2022-08-16","16:00:00",0,480,"Expired",-907.32,-168.02222222222224,3,103454.2,960,"SPX","*SPX--PCS--0DTE--Daily",7.32,1.514,39,-6.68,20.26,75,-166.67
"2022-08-15","13:15:00",4294.63,"3 Aug 15 4295 P STO 6.70 | 3 Aug 15 4290 P BTO 4.60",200,4297.14,"2022-08-15","16:00:00",0,0,"Expired",592.68,98.77999999999999,3,104361.52,900,"SPX","*SPX--PCS--0DTE--Daily",7.32,1.457,2,-10.78,25.26,100,-40
"2022-08-12","13:15:00",4252.69,"2 Aug 12 4250 P STO 4.45 | 2 Aug 12 4245 P BTO 2.85",150,4280.15,"2022-08-12","16:00:00",0,0,"Expired",295.12,98.37333333333333,2,103768.84,700,"SPX","*SPX--PCS--0DTE--Daily",4.88,1.561,1,17.75,27.67,100,-6.67
"2022-08-10","13:15:00",4202.69,"3 Aug 10 4200 P STO 5.65 | 3 Aug 10 4195 P BTO 3.95",160,4210.24,"2022-08-10","16:00:00",0,0,"Expired",472.68,98.475,3,103473.72,1020,"SPX","*SPX--PCS--0DTE--Daily",7.32,1.43,1,58.55,21.67,100,-90.62
"2022-08-05","13:15:00",4141.95,"3 Aug 5 4140 P STO 6.55 | 3 Aug 5 4135 P BTO 4.75",170,4145.19,"2022-08-05","16:00:00",0,0,"Expired",502.68,98.56470588235294,3,103001.04,990,"SPX","*SPX--PCS--0DTE--Daily",7.32,1.379,1,-36.07,26.08,100,-141.18
"2022-08-03","13:15:00",4155.68,"3 Aug 3 4155 P STO 8.20 | 3 Aug 3 4150 P BTO 6.10",200,4155.17,"2022-08-03","16:00:00",0,0,"Expired",592.68,98.77999999999999,3,102498.36,900,"SPX","*SPX--PCS--0DTE--Daily",7.32,1.344,10,16.77,47.72,100,-20
"2022-08-02","13:15:00",4133.76,"3 Aug 2 4130 P STO 6.70 | 3 Aug 2 4125 P BTO 4.90",170,4091.19,"2022-08-02","16:00:00",0,500,"Expired",-997.32,-195.5529411764706,3,101905.68,990,"SPX","*SPX--PCS--0DTE--Daily",7.32,1.367,1.149,-14.42,29.55,2.94,-194.12
"2022-08-01","13:15:00",4126.38,"3 Aug 1 4125 P STO 8.65 | 3 Aug 1 4120 P BTO 6.60",195,4118.63,"2022-08-01","16:00:00",0,500,"Expired",-922.32,-157.66153846153844,3,102903,915,"SPX","*SPX--PCS--0DTE--Daily",7.32,1.311,4.906,-17.91,14,25.64,-156.41
"2022-07-29","13:15:00",4115.41,"3 Jul 29 4115 P STO 8.15 | 3 Jul 29 4110 P BTO 6.00",205,4130.29,"2022-07-29","16:00:00",0,0,"Expired",607.68,98.80975609756096,3,103825.32,885,"SPX","*SPX--PCS--0DTE--Daily",7.32,1.358,1,14.9,28.08,100,-26.83
"2022-07-28","13:15:00",4056.32,"3 Jul 28 4055 P STO 8.10 | 3 Jul 28 4050 P BTO 6.10",190,4072.43,"2022-07-28","16:00:00",0,0,"Expired",562.68,98.7157894736842,3,103217.64,930,"SPX","*SPX--PCS--0DTE--Daily",7.32,1.328,1,2.52,30.19,100,-10.53
"2022-07-27","13:15:00",3972.6,"3 Jul 27 3965 P STO 18.90 | 3 Jul 27 3960 P BTO 16.90",190,4023.61,"2022-07-27","16:00:00",0,0,"Expired",562.68,98.7157894736842,3,102654.96,930,"SPX","*SPX--PCS--0DTE--Daily",7.32,1.118,1,30.38,21.17,100,-21.05
"2022-07-21","13:15:00",3979.52,"2 Jul 21 3975 P STO 6.75 | 2 Jul 21 3970 P BTO 5.10",155,3998.95,"2022-07-21","16:00:00",0,0,"Expired",305.12,98.42580645161291,2,102092.28,690,"SPX","*SPX--PCS--0DTE--Daily",4.88,1.324,1,-4.43,24.05,100,-70.97
"2022-07-19","13:15:00",3913.22,"3 Jul 19 3910 P STO 7.55 | 3 Jul 19 3905 P BTO 5.80",165,3936.69,"2022-07-19","16:00:00",0,0,"Expired",487.68,98.52121212121212,3,101787.16,1005,"SPX","*SPX--PCS--0DTE--Daily",7.32,1.302,1,29.88,52.49,100,-21.21
"2022-07-15","13:15:00",3853.16,"3 Jul 15 3850 P STO 7.50 | 3 Jul 15 3845 P BTO 5.60",180,3863.16,"2022-07-15","16:00:00",0,0,"Expired",532.68,98.64444444444443,3,101299.48,960,"SPX","*SPX--PCS--0DTE--Daily",7.32,1.339,1,27.62,35.16,100,-22.22
"2022-07-07","13:15:00",3887.96,"3 Jul 7 3885 P STO 7.60 | 3 Jul 7 3880 P BTO 5.80",170,3902.62,"2022-07-07","16:00:00",0,0,"Expired",502.68,98.56470588235294,3,100766.8,990,"SPX","*SPX--PCS--0DTE--Daily",7.32,1.31,1,13.77,29.11,100,-11.76
"2022-06-24","13:15:00",3890.67,"3 Jun 24 3890 P STO 8.50 | 3 Jun 24 3885 P BTO 6.70",170,3911.74,"2022-06-24","16:00:00",0,0,"Expired",502.68,98.56470588235294,3,100264.12,990,"SPX","*SPX--PCS--0DTE--Daily",7.32,1.269,1,26.02,68.92,100,-58.82
"2022-06-22","13:15:00",3778.14,"3 Jun 22 3775 P STO 10.05 | 3 Jun 22 3770 P BTO 8.25",170,3759.89,"2022-06-22","16:00:00",0,500,"Expired",-997.32,-195.5529411764706,3,99761.44,990,"SPX","*SPX--PCS--0DTE--Daily",7.32,1.218,1.354,-30.9,44.25,67.65,-194.12
"2022-06-21","13:15:00",3773.14,"3 Jun 21 3770 P STO 8.85 | 3 Jun 21 3765 P BTO 7.10",165,3764.79,"2022-06-21","16:00:00",0,500,"Expired",-1012.32,-204.50909090909093,3,100758.76,1005,"SPX","*SPX--PCS--0DTE--Daily",7.32,1.246,5.227,40.47,57.83,39.39,-203.03
"2022-06-07","13:15:00",4133.84,"3 Jun 7 4130 P STO 7.50 | 3 Jun 7 4125 P BTO 5.60",180,4160.68,"2022-06-07","16:00:00",0,0,"Expired",532.68,98.64444444444443,3,101771.08,960,"SPX","*SPX--PCS--0DTE--Daily",7.32,1.339,1,-24.96,37.37,100,-5.56
"2022-05-27","13:15:00",4130.9,"3 May 27 4130 P STO 8.55 | 3 May 27 4125 P BTO 6.60",185,4158.24,"2022-05-27","16:00:00",0,0,"Expired",547.68,98.68108108108106,3,101238.4,945,"SPX","*SPX--PCS--0DTE--Daily",7.32,1.295,1,19.59,53.47,100,-37.84
"2022-05-26","13:15:00",4069.1,"3 May 26 4065 P STO 7.70 | 3 May 26 4060 P BTO 5.90",170,4057.84,"2022-05-26","16:00:00",0,500,"Expired",-997.32,-195.5529411764706,3,100690.72,990,"SPX","*SPX--PCS--0DTE--Daily",7.32,1.305,4.314,5.87,84.5,52.94,-194.12
"2022-05-25","13:15:00",3944.13,"3 May 25 3940 P STO 16.90 | 3 May 25 3935 P BTO 14.85",195,3978.73,"2022-05-25","16:00:00",0,0,"Expired",577.68,98.74871794871794,3,101688.04,915,"SPX","*SPX--PCS--0DTE--Daily",7.32,1.138,1,-11.89,14.54,100,-25.64
"2022-05-23","13:15:00",3961.43,"3 May 23 3960 P STO 11.95 | 3 May 23 3955 P BTO 9.85",200,3973.75,"2022-05-23","16:00:00",0,0,"Expired",592.68,98.77999999999999,3,101110.36,900,"SPX","*SPX--PCS--0DTE--Daily",7.32,1.213,1,18.06,42.01,100,-45
"2022-05-17","13:15:00",4075.18,"3 May 17 4070 P STO 11.15 | 3 May 17 4065 P BTO 9.30",175,4088.85,"2022-05-17","16:00:00",0,0,"Expired",517.68,98.60571428571427,3,100517.68,975,"SPX","*SPX--PCS--0DTE--Daily",7.32,1.199,1,43.99,23.18,100,-125.71
