"Date Opened","Time Opened","Opening Price","Legs","Premium","Closing Price","Date Closed","Time Closed","Days in Trade","Avg. Closing Cost","Reason For Close","P/L","P/L %","No. of Contracts","Funds at Close","Margin Req.","Underlying","Strategy","Opening Commissions + Fees","Closing Commissions + Fees","Opening Short/Long Ratio","Closing Short/Long Ratio","Opening VIX","Closing VIX","Gap","Movement","Max Profit","Max Loss"
"2026-07-31","14:15:00",7480.26,"5 Aug 5 7425 P STO 21.10 | 5 Aug 5 7540 C STO 11.40 | 5 Aug 7 7425 P BTO 31.45 | 5 Aug 7 7540 C BTO 22.90",-2195,7640.89,"2026-08-04","09:32:00",4,-1080,"Below Delta",-5625,-51.252847380410024,5,246245,10975,"SPX","*SPX DC--5/7 DTE--Fri--v1.1.1",25,25,0.598,0.902,16.64,15.62,24.5,18.13,4.33,-50.11
"2026-07-24","14:15:00",7429.49,"3 Jul 29 7370 P STO 23.85 | 3 Jul 29 7500 C STO 13.50 | 3 Jul 31 7370 P BTO 40.15 | 3 Jul 31 7500 C BTO 29.70",-3260,7423.61,"2026-07-29","09:34:00",5,-3815,"Short/Long Ratio Move Down",1635,16.717791411042946,3,251870,9780,"SPX","*SPX DC--5/7 DTE--Fri--v1.1.1",15,15,0.535,0.257,18.04,18.91,-2,23.19,17.48,-3.68
"2026-07-17","14:15:00",7466.61,"4 Jul 22 7405 P STO 24.20 | 4 Jul 22 7535 C STO 14.05 | 4 Jul 24 7405 P BTO 36.65 | 4 Jul 24 7535 C BTO 26.60",-2510,7482.18,"2026-07-21","09:32:00",4,-2495,"Short/Long Ratio Move Down",-100,-0.9960159362549801,4,250235,10040,"SPX","*SPX DC--5/7 DTE--Fri--v1.1.1",20,20,0.605,0.302,18.45,17.67,-86.25,19.09,4.18,-8.76
"2026-07-10","14:15:00",7569.19,"7 Jul 15 7525 P STO 16.50 | 7 Jul 15 7620 C STO 10.30 | 7 Jul 17 7525 P BTO 24.30 | 7 Jul 17 7620 C BTO 18.90",-1650,7572.51,"2026-07-15","09:32:00",5,-1920,"Short/Long Ratio Move Down",1820,15.757575757575756,7,250335,11550,"SPX","*SPX DC--5/7 DTE--Fri--v1.1.1",35,35,0.62,0.122,15.33,16.06,4,21.55,17.27,-11.52
"2026-06-05","14:15:00",7434.42,"5 Jun 10 7365 P STO 27.65 | 5 Jun 10 7515 C STO 17.30 | 5 Jun 12 7365 P BTO 38.25 | 5 Jun 12 7515 C BTO 27.70",-2110,7390.41,"2026-06-10","10:24:00",5,-3105,"Short/Long Ratio Move Down",4925,46.682464454976305,5,248515,10550,"SPX","*SPX DC--5/7 DTE--Fri--v1.1.1",25,25,0.682,0.338,18.66,20.15,-46.95,-102.94,50.47,-35.78
"2026-05-29","14:15:00",7574.42,"6 Jun 3 7530 P STO 19.40 | 6 Jun 3 7630 C STO 12.35 | 6 Jun 5 7530 P BTO 28.90 | 6 Jun 5 7630 C BTO 22.05",-1930,7593.7,"2026-06-02","10:00:00",4,-2540,"Short/Long Ratio Move Down",3600,31.088082901554404,6,243590,11580,"SPX","*SPX DC--5/7 DTE--Fri--v1.1.1",30,30,0.623,0.31,15.4,16.06,15.7,-4.91,32.38,-0.78
"2026-05-15","14:15:00",7449.9,"3 May 20 7395 P STO 22.00 | 3 May 20 7515 C STO 13.65 | 3 May 22 7395 P BTO 37.65 | 3 May 22 7515 C BTO 30.45",-3255,7406.46,"2026-05-20","10:32:00",5,-3190,"Short/Long Ratio Move Down",-225,-2.3041474654377883,3,239990,9765,"SPX","*SPX DC--5/7 DTE--Fri--v1.1.1",15,15,0.523,0.245,18.05,17.62,-56.13,4.79,0,-47.77
"2026-05-08","14:15:00",7399.95,"5 May 13 7345 P STO 22.30 | 5 May 13 7465 C STO 13.35 | 5 May 15 7345 P BTO 33.00 | 5 May 15 7465 C BTO 25.00",-2245,7378.47,"2026-05-12","14:25:00",4,-2315,"Short/Long Ratio Move Down",300,2.6726057906458798,5,240215,11225,"SPX","*SPX DC--5/7 DTE--Fri--v1.1.1",25,25,0.615,0.301,17.47,18.08,25.86,36.98,16.04,-10.02
"2026-05-01","14:15:00",7241.54,"5 May 6 7190 P STO 20.20 | 5 May 6 7300 C STO 11.90 | 5 May 8 7190 P BTO 31.00 | 5 May 8 7300 C BTO 23.30",-2230,7243.78,"2026-05-05","09:33:00",4,-2310,"Short/Long Ratio Move Down",350,3.1390134529147984,5,239915,11150,"SPX","*SPX DC--5/7 DTE--Fri--v1.1.1",25,25,0.591,0.294,17.02,17.39,25.53,7,9.64,-14.13
"2026-04-24","14:15:00",7158.7,"4 Apr 29 7095 P STO 24.90 | 4 Apr 29 7230 C STO 14.00 | 4 May 1 7095 P BTO 39.35 | 4 May 1 7230 C BTO 29.00",-2955,7127.41,"2026-04-28","13:34:00",4,-3205,"Short/Long Ratio Move Down",960,8.121827411167512,4,239565,11820,"SPX","*SPX DC--5/7 DTE--Fri--v1.1.1",20,20,0.569,0.281,18.57,18.35,28.08,22.22,22.17,-2.03
"2026-04-17","14:15:00",7117.96,"6 Apr 22 7065 P STO 21.75 | 6 Apr 22 7185 C STO 12.35 | 6 Apr 24 7065 P BTO 30.45 | 6 Apr 24 7185 C BTO 22.55",-1900,7135.5,"2026-04-21","10:16:00",4,-2970,"Short/Long Ratio Move Down",6360,55.78947368421052,6,238605,11400,"SPX","*SPX DC--5/7 DTE--Fri--v1.1.1",30,30,0.643,0.319,17.6,18.95,33.27,43.41,61.58,-0.53
"2026-04-10","14:15:00",6815.29,"5 Apr 15 6745 P STO 25.70 | 5 Apr 15 6885 C STO 15.40 | 5 Apr 17 6745 P BTO 35.40 | 5 Apr 17 6885 C BTO 26.00",-2040,6964.84,"2026-04-14","15:58:00",4,-1890,"Below Delta",-800,-7.8431372549019605,5,232245,10200,"SPX","*SPX DC--5/7 DTE--Fri--v1.1.1",25,25,0.669,0.814,20.03,18.39,14.58,-23.95,35.54,-13.73
"2026-03-20","14:15:00",6531.94,"3 Mar 25 6440 P STO 34.45 | 3 Mar 25 6640 C STO 22.55 | 3 Mar 27 6440 P BTO 51.85 | 3 Mar 27 6640 C BTO 38.55",-3350,6532.86,"2026-03-24","09:53:00",4,-4275,"Short/Long Ratio Move Down",2745,27.313432835820894,3,233045,10050,"SPX","*SPX DC--5/7 DTE--Fri--v1.1.1",15,15,0.631,0.315,26.42,27.69,-11.83,-62.72,28.06,-16.12
"2026-03-13","14:15:00",6643.4,"3 Mar 18 6540 P STO 41.10 | 3 Mar 18 6765 C STO 24.20 | 3 Mar 20 6540 P BTO 58.40 | 3 Mar 20 6765 C BTO 40.25",-3345,6727.79,"2026-03-17","11:14:00",4,-3185,"Short/Long Ratio Move Down",-510,-5.082212257100149,3,230300,10035,"SPX","*SPX DC--5/7 DTE--Fri--v1.1.1",15,15,0.662,0.331,27.34,22.38,0.87,-30.09,7.47,-8.67
"2026-03-06","14:15:00",6764.74,"3 Mar 11 6665 P STO 39.15 | 3 Mar 11 6870 C STO 20.75 | 3 Mar 13 6665 P BTO 55.25 | 3 Mar 13 6870 C BTO 33.95",-2940,6779.14,"2026-03-10","10:21:00",4,-3015,"Short/Long Ratio Move Down",195,2.2108843537414966,3,230810,8820,"SPX","*SPX DC--5/7 DTE--Fri--v1.1.1",15,15,0.672,0.325,26.48,24.24,-61.68,-4.29,18.88,-9.86
"2026-02-27","14:15:00",6854.81,"4 Mar 4 6780 P STO 29.85 | 4 Mar 4 6930 C STO 16.00 | 4 Mar 6 6780 P BTO 44.15 | 4 Mar 6 6930 C BTO 29.20",-2760,6838.37,"2026-03-04","09:32:00",5,-3280,"Short/Long Ratio Move Down",2040,18.478260869565215,4,230615,11040,"SPX","*SPX DC--5/7 DTE--Fri--v1.1.1",20,20,0.625,0.205,20.83,22.5,-52.32,-1.73,23.01,-6.52
"2026-02-20","14:15:00",6901.53,"3 Feb 25 6840 P STO 24.35 | 3 Feb 25 6960 C STO 13.15 | 3 Feb 27 6840 P BTO 39.25 | 3 Feb 27 6960 C BTO 29.65",-3150,6878.56,"2026-02-24","11:06:00",4,-3360,"Short/Long Ratio Move Down",600,6.349206349206349,3,228575,9450,"SPX","*SPX DC--5/7 DTE--Fri--v1.1.1",15,15,0.544,0.271,19.11,19.83,-18.63,58.27,8.25,-7.46
"2026-02-06","14:15:00",6911.33,"4 Feb 11 6850 P STO 24.25 | 4 Feb 11 6975 C STO 13.00 | 4 Feb 13 6850 P BTO 35.70 | 4 Feb 13 6975 C BTO 24.35",-2290,6947.79,"2026-02-10","15:51:00",4,-2670,"Short/Long Ratio Move Down",1480,16.157205240174672,4,227975,9160,"SPX","*SPX DC--5/7 DTE--Fri--v1.1.1",20,20,0.62,0.306,18.09,17.77,18.34,94.59,17.69,-4.15
"2026-01-30","14:15:00",6942.38,"4 Feb 4 6885 P STO 22.60 | 4 Feb 4 7005 C STO 11.80 | 4 Feb 6 6885 P BTO 35.25 | 4 Feb 6 7005 C BTO 25.15",-2610,6971.36,"2026-02-03","09:55:00",4,-2445,"Short/Long Ratio Move Down",-700,-6.704980842911877,4,226495,10440,"SPX","*SPX DC--5/7 DTE--Fri--v1.1.1",20,20,0.57,0.283,17.46,16.53,-21.74,-4.89,6.9,-12.45
"2026-01-23","14:15:00",6918.38,"4 Jan 28 6875 P STO 18.90 | 4 Jan 28 6970 C STO 10.85 | 4 Jan 30 6875 P BTO 32.10 | 4 Jan 30 6970 C BTO 24.30",-2675,6967.76,"2026-01-28","14:03:00",5,-3440,"Short/Long Ratio Move Down",3020,28.22429906542056,4,227195,10700,"SPX","*SPX DC--5/7 DTE--Fri--v1.1.1",20,20,0.527,0.254,15.55,16.74,-5.5,10.53,29.16,-4.3
"2026-01-09","14:15:00",6971.69,"6 Jan 14 6930 P STO 15.30 | 6 Jan 14 7015 C STO 10.00 | 6 Jan 16 6930 P BTO 23.30 | 6 Jan 16 7015 C BTO 19.40",-1750,6972.4,"2026-01-13","11:50:00",4,-1910,"Short/Long Ratio Move Down",900,8.571428571428571,6,224175,10500,"SPX","*SPX DC--5/7 DTE--Fri--v1.1.1",30,30,0.593,0.295,14.63,15.32,6.37,43.86,10.57,-14
"2026-01-02","14:15:00",6850.09,"5 Jan 7 6810 P STO 14.90 | 5 Jan 7 6895 C STO 10.10 | 5 Jan 9 6810 P BTO 24.50 | 5 Jan 9 6895 C BTO 20.45",-2005,6947.09,"2026-01-06","14:43:00",4,-1475,"Below Delta",-2700,-26.932668329177055,5,223275,10025,"SPX","*SPX DC--5/7 DTE--Fri--v1.1.1",25,25,0.556,0.786,14.72,14.76,32.61,-28.02,10.22,-28.93
"2025-12-12","14:15:00",6827.99,"5 Dec 17 6775 P STO 20.35 | 5 Dec 17 6890 C STO 11.70 | 5 Dec 19 6775 P BTO 31.35 | 5 Dec 19 6890 C BTO 22.80",-2220,6804.04,"2025-12-16","15:31:00",4,-2125,"Short/Long Ratio Move Down",-525,-4.72972972972973,5,225975,11100,"SPX","*SPX DC--5/7 DTE--Fri--v1.1.1",25,25,0.592,0.295,16.45,16.31,-14.15,-58.86,9.46,-10.36
"2025-12-05","14:15:00",6875.53,"4 Dec 10 6830 P STO 17.95 | 4 Dec 10 6930 C STO 11.00 | 4 Dec 12 6830 P BTO 29.00 | 4 Dec 12 6930 C BTO 23.10",-2325,6857.35,"2025-12-10","14:01:00",5,-2645,"Short/Long Ratio Move Down",1240,13.333333333333334,4,226500,9300,"SPX","*SPX DC--5/7 DTE--Fri--v1.1.1",20,20,0.556,0.27,15.5,16.58,9.2,9.21,18.49,-5.16
"2025-11-14","14:15:00",6748.02,"3 Nov 19 6680 P STO 27.15 | 3 Nov 19 6825 C STO 15.30 | 3 Nov 21 6680 P BTO 42.15 | 3 Nov 21 6825 C BTO 29.75",-2955,6681.85,"2025-11-19","10:12:00",5,-4085,"Short/Long Ratio Move Down",3360,37.90186125211506,3,225260,8865,"SPX","*SPX DC--5/7 DTE--Fri--v1.1.1",15,15,0.59,0.281,20.59,22.08,-65.35,75.88,41.62,-32.66
"2025-11-07","14:15:00",6682.62,"4 Nov 12 6615 P STO 25.80 | 4 Nov 12 6760 C STO 15.45 | 4 Nov 14 6615 P BTO 38.10 | 4 Nov 14 6760 C BTO 27.05",-2400,6835.53,"2025-11-11","12:50:00",4,-1185,"Below Delta",-4900,-51.041666666666664,4,221900,9600,"SPX","*SPX DC--5/7 DTE--Fri--v1.1.1",20,20,0.633,0.869,20.69,17.64,-24.14,-13.56,7.5,-50
"2025-10-31","14:15:00",6841.09,"5 Nov 5 6790 P STO 21.50 | 5 Nov 5 6905 C STO 12.70 | 5 Nov 7 6790 P BTO 31.75 | 5 Nov 7 6905 C BTO 23.60",-2125,6802.22,"2025-11-05","10:44:00",5,-1880,"Short/Long Ratio Move Down",-1275,-12,5,226800,10625,"SPX","*SPX DC--5/7 DTE--Fri--v1.1.1",25,25,0.618,0.299,17.68,17.65,56.83,-38.08,10.12,-22.35
"2025-10-24","14:15:00",6804.36,"3 Oct 29 6760 P STO 18.70 | 3 Oct 29 6855 C STO 10.50 | 3 Oct 31 6760 P BTO 33.00 | 3 Oct 31 6855 C BTO 26.00",-2990,6909.18,"2025-10-29","09:32:00",5,-2900,"Below Delta",-300,-3.3444816053511706,3,228075,8970,"SPX","*SPX DC--5/7 DTE--Fri--v1.1.1",15,15,0.495,0.663,16.37,16.51,33.63,32.29,4.35,-12.71
"2025-10-17","14:15:00",6658.46,"4 Oct 22 6585 P STO 28.05 | 4 Oct 22 6735 C STO 15.95 | 4 Oct 24 6585 P BTO 41.45 | 4 Oct 24 6735 C BTO 29.40",-2695,6730.92,"2025-10-22","10:14:00",5,-2470,"Short/Long Ratio Move Down",-940,-8.719851576994433,4,228375,10780,"SPX","*SPX DC--5/7 DTE--Fri--v1.1.1",20,20,0.621,0.291,23.07,18.54,-15.8,45.19,3.9,-22.63
"2025-10-10","14:15:00",6617.42,"5 Oct 15 6540 P STO 28.45 | 5 Oct 15 6695 C STO 15.55 | 5 Oct 17 6540 P BTO 38.55 | 5 Oct 17 6695 C BTO 26.20",-2085,6622.02,"2025-10-14","10:39:00",4,-2585,"Short/Long Ratio Move Down",2450,23.501199040767386,5,229315,10425,"SPX","*SPX DC--5/7 DTE--Fri--v1.1.1",25,25,0.68,0.337,20.54,20.96,5.38,-123.07,25.9,-8.87
"2025-10-03","14:15:00",6717.13,"6 Oct 8 6675 P STO 16.30 | 6 Oct 8 6765 C STO 9.10 | 6 Oct 10 6675 P BTO 24.70 | 6 Oct 10 6765 C BTO 18.50",-1790,6741.76,"2025-10-07","10:24:00",4,-1860,"Short/Long Ratio Move Down",360,3.35195530726257,6,226865,10740,"SPX","*SPX DC--5/7 DTE--Fri--v1.1.1",30,30,0.588,0.294,16.77,16.32,6.79,-5.01,8.38,-3.91
"2025-09-26","14:15:00",6638.63,"6 Oct 1 6600 P STO 17.30 | 6 Oct 1 6690 C STO 10.40 | 6 Oct 3 6600 P BTO 25.40 | 6 Oct 3 6690 C BTO 19.40",-1720,6653.04,"2025-09-30","13:02:00",4,-1895,"Short/Long Ratio Move Down",990,9.593023255813954,6,226505,10320,"SPX","*SPX DC--5/7 DTE--Fri--v1.1.1",30,30,0.618,0.308,15.72,16.37,10.66,23.25,15.41,-1.74
"2025-09-19","14:15:00",6653.68,"6 Sep 24 6615 P STO 14.20 | 6 Sep 24 6695 C STO 9.20 | 6 Sep 26 6615 P BTO 21.90 | 6 Sep 26 6695 C BTO 18.40",-1700,6652.56,"2025-09-23","15:18:00",4,-2085,"Short/Long Ratio Move Down",2250,22.058823529411764,6,225515,10200,"SPX","*SPX DC--5/7 DTE--Fri--v1.1.1",30,30,0.581,0.289,15.7,16.95,15.15,6.57,23.82,-2.65
"2025-09-12","14:15:00",6594.07,"6 Sep 17 6555 P STO 15.65 | 6 Sep 17 6640 C STO 9.30 | 6 Sep 19 6555 P BTO 23.00 | 6 Sep 19 6640 C BTO 17.70",-1585,6605.16,"2025-09-17","14:11:00",5,-2610,"Short/Long Ratio Move Down",6090,64.03785488958991,6,223265,9510,"SPX","*SPX DC--5/7 DTE--Fri--v1.1.1",30,30,0.613,0.3,14.57,16.02,3.19,3.41,85.8,-2.84
"2025-09-05","14:15:00",6464.24,"5 Sep 10 6425 P STO 16.80 | 5 Sep 10 6510 C STO 10.60 | 5 Sep 12 6425 P BTO 26.10 | 5 Sep 12 6510 C BTO 21.00",-1980,6491.28,"2025-09-09","11:43:00",4,-2320,"Short/Long Ratio Move Down",1650,16.666666666666664,5,217175,9900,"SPX","*SPX DC--5/7 DTE--Fri--v1.1.1",25,25,0.582,0.287,15.97,15.46,27,-64.84,21.72,-3.79
"2025-08-22","14:15:00",6470.76,"4 Aug 27 6435 P STO 13.90 | 4 Aug 27 6515 C STO 7.60 | 4 Aug 29 6435 P BTO 25.20 | 4 Aug 29 6515 C BTO 20.20",-2400,6447.71,"2025-08-26","14:19:00",4,-2385,"Short/Long Ratio Move Down",-100,-1.0416666666666665,4,215525,9600,"SPX","*SPX DC--5/7 DTE--Fri--v1.1.1",20,20,0.474,0.234,14.38,14.98,14.42,86.17,1.04,-13.54
"2025-08-15","14:15:00",6460.73,"5 Aug 20 6425 P STO 13.70 | 5 Aug 20 6505 C STO 7.80 | 5 Aug 22 6425 P BTO 23.60 | 5 Aug 22 6505 C BTO 17.85",-2005,6448.3,"2025-08-19","10:03:00",4,-2120,"Short/Long Ratio Move Down",525,5.236907730673317,5,215625,10025,"SPX","*SPX DC--5/7 DTE--Fri--v1.1.1",25,25,0.519,0.251,14.81,14.9,8.84,-16.65,13.72,-3.99
"2025-08-08","14:15:00",6392.25,"7 Aug 13 6350 P STO 17.05 | 7 Aug 13 6445 C STO 10.10 | 7 Aug 15 6350 P BTO 24.30 | 7 Aug 15 6445 C BTO 17.25",-1450,6408.11,"2025-08-12","10:38:00",4,-1710,"Short/Long Ratio Move Down",1750,17.24137931034483,7,215100,10150,"SPX","*SPX DC--5/7 DTE--Fri--v1.1.1",35,35,0.653,0.324,15.39,15.21,15.22,37.03,20,-3.1
"2025-08-01","14:15:00",6216.1,"4 Aug 6 6145 P STO 26.85 | 4 Aug 6 6295 C STO 15.85 | 4 Aug 8 6145 P BTO 38.35 | 4 Aug 8 6295 C BTO 26.30",-2205,6328,"2025-08-06","10:59:00",5,-1665,"Below Delta",-2200,-24.94331065759637,4,213350,8820,"SPX","*SPX DC--5/7 DTE--Fri--v1.1.1",20,20,0.66,0.673,21.79,16.99,-52.11,-71.18,2.95,-29.93
"2025-07-25","14:15:00",6394.1,"4 Jul 30 6355 P STO 14.60 | 4 Jul 30 6440 C STO 9.20 | 4 Aug 1 6355 P BTO 26.75 | 4 Aug 1 6440 C BTO 22.30",-2535,6403.22,"2025-07-29","09:36:00",4,-2665,"Short/Long Ratio Move Down",480,4.733727810650888,4,215550,10140,"SPX","*SPX DC--5/7 DTE--Fri--v1.1.1",20,20,0.485,0.241,15.17,14.78,6.66,24.09,10.06,-0.99
"2025-07-18","14:15:00",6289.97,"6 Jul 23 6255 P STO 14.50 | 6 Jul 23 6335 C STO 8.50 | 6 Jul 25 6255 P BTO 22.60 | 6 Jul 25 6335 C BTO 17.90",-1760,6295.23,"2025-07-22","10:33:00",4,-1945,"Short/Long Ratio Move Down",1050,9.943181818181818,6,215070,10560,"SPX","*SPX DC--5/7 DTE--Fri--v1.1.1",30,30,0.568,0.283,16.7,17.02,15.59,-22.98,14.77,-4.26
"2025-07-11","14:15:00",6265.84,"7 Jul 16 6225 P STO 15.15 | 7 Jul 16 6315 C STO 9.75 | 7 Jul 18 6225 P BTO 22.00 | 7 Jul 18 6315 C BTO 17.55",-1475,6272.1,"2025-07-15","11:28:00",4,-1935,"Short/Long Ratio Move Down",3150,30.508474576271187,7,214020,10325,"SPX","*SPX DC--5/7 DTE--Fri--v1.1.1",35,35,0.63,0.312,16.04,17.01,-24.78,10.16,32.54,-3.73
"2025-06-20","14:15:00",5967.55,"5 Jun 25 5910 P STO 22.10 | 5 Jun 25 6030 C STO 13.80 | 5 Jun 27 5910 P BTO 32.10 | 5 Jun 27 6030 C BTO 24.05",-2035,6098.59,"2025-06-24","15:22:00",4,-1225,"Below Delta",-4100,-40.2948402948403,5,210870,10175,"SPX","*SPX DC--5/7 DTE--Fri--v1.1.1",25,25,0.639,0.853,20.5,17.36,18.8,-32.12,12.04,-40.29
"2025-06-06","14:15:00",6006.73,"6 Jun 11 5960 P STO 17.20 | 6 Jun 11 6060 C STO 11.95 | 6 Jun 13 5960 P BTO 24.50 | 6 Jun 13 6060 C BTO 20.10",-1555,6039.85,"2025-06-11","09:32:00",5,-2005,"Short/Long Ratio Move Down",2640,28.29581993569132,6,214970,9330,"SPX","*SPX DC--5/7 DTE--Fri--v1.1.1",30,30,0.654,0.252,16.68,16.63,47.76,19.67,29.9,-7.4
"2025-05-30","14:15:00",5885.95,"4 Jun 4 5830 P STO 22.05 | 4 Jun 4 5955 C STO 13.40 | 4 Jun 6 5830 P BTO 34.10 | 4 Jun 6 5955 C BTO 24.90",-2365,5981.92,"2025-06-04","13:08:00",5,-2420,"Below Delta",180,1.9027484143763214,4,212330,9460,"SPX","*SPX DC--5/7 DTE--Fri--v1.1.1",20,20,0.601,0.536,19.53,17.55,-8.5,-17.72,17.76,-9.94
"2025-05-16","14:15:00",5944.37,"5 May 21 5900 P STO 18.10 | 5 May 21 6000 C STO 11.10 | 5 May 23 5900 P BTO 26.80 | 5 May 23 6000 C BTO 20.30",-1800,5946.45,"2025-05-20","12:43:00",4,-2210,"Short/Long Ratio Move Down",2000,22.22222222222222,5,212150,9000,"SPX","*SPX DC--5/7 DTE--Fri--v1.1.1",25,25,0.62,0.309,17.42,17.83,12.16,15.28,30,-102.22
"2025-05-09","14:15:00",5663.71,"5 May 14 5595 P STO 27.45 | 5 May 14 5755 C STO 17.90 | 5 May 16 5595 P BTO 37.95 | 5 May 16 5755 C BTO 25.95",-1865,5846.26,"2025-05-13","09:32:00",4,-825,"Below Delta",-5250,-56.30026809651475,5,210150,9325,"SPX","*SPX DC--5/7 DTE--Fri--v1.1.1",25,25,0.71,0.918,22.21,17.83,15.71,-15.94,0,-54.96
"2025-05-02","14:15:00",5695.48,"4 May 7 5635 P STO 24.70 | 4 May 7 5770 C STO 14.70 | 4 May 9 5635 P BTO 36.65 | 4 May 9 5770 C BTO 26.00",-2335,5625.31,"2025-05-07","15:00:00",5,-2955,"Exited at Specified Time",2440,26.124197002141326,4,215400,9340,"SPX","*SPX DC--5/7 DTE--Fri--v1.1.1",20,20,0.629,0.384,22.56,23.95,41.74,49.6,27.19,-27.84
"2025-04-25","14:15:00",5507.22,"3 Apr 30 5430 P STO 29.55 | 3 Apr 30 5595 C STO 18.60 | 3 May 2 5430 P BTO 45.45 | 3 May 2 5600 C BTO 32.30",-2970,5532.82,"2025-04-29","13:16:00",4,-3345,"Short/Long Ratio Move Down",1095,12.289562289562289,3,212960,10410,"SPX","*SPX DC--5/7 DTE--Fri--v1.1.1",15,15,0.619,0.309,25.69,24.58,4.96,17.49,23.23,-7.58
"2025-04-04","14:15:00",5134.34,"2 Apr 9 4990 P STO 58.20 | 2 Apr 9 5310 C STO 34.55 | 2 Apr 11 4990 P BTO 80.60 | 2 Apr 11 5310 C BTO 52.85",-4080,5043.7,"2025-04-09","10:02:00",5,-8595,"Short/Long Ratio Move Down",9010,110.41666666666667,2,211865,8160,"SPX","*SPX DC--5/7 DTE--Fri--v1.1.1",10,10,0.695,0.345,41.14,48.73,-104.38,-157.8,171.45,-30.27
"2025-03-28","14:15:00",5585.19,"3 Apr 2 5510 P STO 28.25 | 3 Apr 2 5680 C STO 19.60 | 3 Apr 4 5510 P BTO 41.95 | 3 Apr 4 5680 C BTO 32.25",-2645,5619.19,"2025-04-01","11:03:00",4,-3910,"Short/Long Ratio Move Down",3765,47.44801512287334,3,202855,7935,"SPX","*SPX DC--5/7 DTE--Fri--v1.1.1",15,15,0.645,0.309,21.57,21.92,-14.11,-94.01,48.39,-8.51
"2025-03-21","14:15:00",5650.16,"4 Mar 26 5595 P STO 21.80 | 4 Mar 26 5720 C STO 13.55 | 4 Mar 28 5595 P BTO 33.35 | 4 Mar 28 5720 C BTO 25.00",-2310,5783.21,"2025-03-26","09:41:00",5,-1230,"Below Delta",-4360,-47.18614718614719,4,199090,9240,"SPX","*SPX DC--5/7 DTE--Fri--v1.1.1",20,20,0.606,0.84,19.62,17.02,-32.16,19.43,1.52,-46.1
"2025-03-14","14:15:00",5614.83,"4 Mar 19 5545 P STO 28.50 | 4 Mar 19 5700 C STO 18.60 | 4 Mar 21 5545 P BTO 40.20 | 4 Mar 21 5700 C BTO 30.45",-2365,5620.4,"2025-03-18","15:00:00",4,-2885,"Short/Long Ratio Move Down",2040,21.56448202959831,4,203450,9460,"SPX","*SPX DC--5/7 DTE--Fri--v1.1.1",20,20,0.667,0.333,22.32,21.44,42.33,50.98,23.68,-1.06
"2025-03-07","14:15:00",5760.56,"4 Mar 12 5675 P STO 32.35 | 4 Mar 12 5870 C STO 21.55 | 4 Mar 14 5675 P BTO 44.95 | 4 Mar 14 5870 C BTO 31.90",-2305,5590.38,"2025-03-12","10:24:00",5,-1785,"Above Delta",-2120,-22.99349240780911,4,201410,9220,"SPX","*SPX DC--5/7 DTE--Fri--v1.1.1",20,20,0.701,0.83,24.25,25.81,-12.51,34.55,10.85,-51.84
"2025-02-28","14:15:00",5857.33,"3 Mar 5 5790 P STO 26.45 | 3 Mar 5 5940 C STO 16.85 | 3 Mar 7 5790 P BTO 40.45 | 3 Mar 7 5940 C BTO 30.35",-2760,5801.42,"2025-03-05","12:34:00",5,-3975,"Short/Long Ratio Move Down",3615,43.65942028985507,3,203530,8280,"SPX","*SPX DC--5/7 DTE--Fri--v1.1.1",15,15,0.612,0.304,22.21,22.94,-4.83,0.59,44.93,-23.37
"2025-02-21","14:15:00",6035.36,"4 Feb 26 5990 P STO 20.15 | 4 Feb 26 6095 C STO 11.40 | 4 Feb 28 5990 P BTO 31.10 | 4 Feb 28 6095 C BTO 22.45",-2210,5993.81,"2025-02-26","10:10:00",5,-3040,"Short/Long Ratio Move Down",3280,37.10407239819005,4,199915,8840,"SPX","*SPX DC--5/7 DTE--Fri--v1.1.1",20,20,0.589,0.291,17.91,18.56,-3.42,-78.74,42.76,-40.05
"2025-02-07","14:15:00",6028.72,"7 Feb 12 5975 P STO 21.80 | 7 Feb 12 6090 C STO 14.00 | 7 Feb 14 5975 P BTO 28.20 | 7 Feb 14 6090 C BTO 20.80",-1330,6004.18,"2025-02-12","09:32:00",5,-1515,"Short/Long Ratio Move Down",1225,13.157894736842104,7,196635,9310,"SPX","*SPX DC--5/7 DTE--Fri--v1.1.1",35,35,0.731,0.323,16.43,16.87,-0.44,-54.41,25.19,-6.77
"2025-01-31","14:15:00",6069.1,"4 Feb 5 6020 P STO 19.55 | 4 Feb 5 6130 C STO 11.65 | 4 Feb 7 6020 P BTO 29.65 | 4 Feb 7 6130 C BTO 22.25",-2080,6026.76,"2025-02-05","10:37:00",5,-2275,"Short/Long Ratio Move Down",740,8.89423076923077,4,195410,8320,"SPX","*SPX DC--5/7 DTE--Fri--v1.1.1",20,20,0.601,0.296,16.13,16.75,25.62,-27.69,10.58,-57.93
"2025-01-24","14:15:00",6091.79,"4 Jan 29 6060 P STO 15.20 | 4 Jan 29 6140 C STO 8.80 | 4 Jan 31 6060 P BTO 26.35 | 4 Jan 31 6140 C BTO 20.75",-2320,6043.38,"2025-01-29","15:00:00",5,-2715,"Exited at Specified Time",1540,16.594827586206897,4,194670,9280,"SPX","*SPX DC--5/7 DTE--Fri--v1.1.1",20,20,0.51,0.425,15.14,16.69,2.72,-29.64,23.71,-57.33
"2025-01-10","14:15:00",5842.86,"5 Jan 15 5785 P STO 22.40 | 5 Jan 15 5915 C STO 14.45 | 5 Jan 17 5785 P BTO 31.35 | 5 Jan 17 5915 C BTO 22.85",-1745,5945.12,"2025-01-15","13:45:00",5,-2005,"Below Delta",1250,14.326647564469914,5,193130,8725,"SPX","*SPX DC--5/7 DTE--Fri--v1.1.1",25,25,0.68,0.608,18.92,16.42,-27.9,-47.49,38.4,-19.77
"2024-12-13","14:15:00",6049.14,"6 Dec 18 6020 P STO 12.40 | 6 Dec 18 6090 C STO 7.70 | 6 Dec 20 6020 P BTO 19.00 | 6 Dec 20 6090 C BTO 15.45",-1445,6052.23,"2024-12-18","09:55:00",5,-1935,"Short/Long Ratio Move Down",2880,33.21799307958477,6,191880,8670,"SPX","*SPX DC--5/7 DTE--Fri--v1.1.1",30,30,0.583,0.287,13.65,15.37,16.92,-19.03,34.95,-4.5
"2024-12-06","14:15:00",6082.57,"7 Dec 11 6055 P STO 10.50 | 7 Dec 11 6120 C STO 6.70 | 7 Dec 13 6055 P BTO 16.30 | 7 Dec 13 6120 C BTO 13.60",-1280,6069.78,"2024-12-11","09:36:00",5,-980,"Short/Long Ratio Move Down",-2170,-24.21875,7,189000,8960,"SPX","*SPX DC--5/7 DTE--Fri--v1.1.1",35,35,0.575,0.274,13.08,13.54,6.27,1.19,0,-51.56
"2024-11-15","14:15:00",5859.6,"3 Nov 20 5820 P STO 16.90 | 3 Nov 20 5915 C STO 9.80 | 3 Nov 22 5820 P BTO 30.00 | 3 Nov 22 5915 C BTO 23.50",-2690,5869.17,"2024-11-19","10:20:00",4,-2940,"Short/Long Ratio Move Down",720,8.921933085501859,3,191170,8070,"SPX","*SPX DC--5/7 DTE--Fri--v1.1.1",15,15,0.499,0.248,17.32,16.85,-36.38,-53.19,10.59,-5.02
"2024-11-08","14:15:00",6007.25,"6 Nov 13 5975 P STO 13.90 | 6 Nov 13 6050 C STO 9.40 | 6 Nov 15 5975 P BTO 20.90 | 6 Nov 15 6050 C BTO 17.65",-1535,5988.2,"2024-11-13","09:32:00",5,-1635,"Short/Long Ratio Move Down",540,5.863192182410423,6,190450,9210,"SPX","*SPX DC--5/7 DTE--Fri--v1.1.1",30,30,0.604,0.287,15.1,14.72,3.66,30.49,12.7,-18.24
"2024-10-25","14:15:00",5805.85,"3 Oct 30 5760 P STO 17.85 | 3 Oct 30 5860 C STO 10.15 | 3 Nov 1 5760 P BTO 30.40 | 3 Nov 1 5860 C BTO 24.70",-2720,5806.74,"2024-10-29","09:42:00",4,-3215,"Short/Long Ratio Move Down",1455,17.830882352941178,3,189910,8160,"SPX","*SPX DC--5/7 DTE--Fri--v1.1.1",15,15,0.508,0.251,20.35,20.37,16.89,-20.9,18.75,0
"2024-10-18","14:15:00",5868.82,"6 Oct 23 5840 P STO 11.70 | 6 Oct 23 5910 C STO 6.95 | 6 Oct 25 5840 P BTO 18.25 | 6 Oct 25 5910 C BTO 14.60",-1430,5857.68,"2024-10-22","15:36:00",4,-1470,"Short/Long Ratio Move Down",180,2.097902097902098,6,188455,8580,"SPX","*SPX DC--5/7 DTE--Fri--v1.1.1",30,30,0.568,0.277,18.06,18.21,17.96,9.39,11.19,-25.17
"2024-10-11","14:15:00",5814.99,"5 Oct 16 5780 P STO 14.60 | 5 Oct 16 5855 C STO 9.30 | 5 Oct 18 5780 P BTO 22.20 | 5 Oct 18 5855 C BTO 17.90",-1630,5830.08,"2024-10-15","13:26:00",4,-2145,"Short/Long Ratio Move Down",2525,30.981595092024538,5,188275,8150,"SPX","*SPX DC--5/7 DTE--Fri--v1.1.1",25,25,0.596,0.296,20.27,20.21,-4.96,39.9,32.52,-6.75
"2024-10-04","14:15:00",5721.06,"4 Oct 9 5675 P STO 18.55 | 4 Oct 9 5775 C STO 11.75 | 4 Oct 11 5675 P BTO 29.05 | 4 Oct 11 5775 C BTO 23.15",-2200,5720.72,"2024-10-08","09:43:00",4,-2710,"Short/Long Ratio Move Down",2000,22.727272727272727,4,185750,8800,"SPX","*SPX DC--5/7 DTE--Fri--v1.1.1",20,20,0.58,0.287,19.76,21.89,37.54,-16.42,23.86,-0.91
"2024-09-27","14:15:00",5741.76,"3 Oct 2 5710 P STO 15.05 | 3 Oct 2 5790 C STO 8.65 | 3 Oct 4 5710 P BTO 27.75 | 3 Oct 4 5790 C BTO 21.65",-2580,5716.64,"2024-10-02","10:50:00",5,-3305,"Short/Long Ratio Move Down",2145,27.71317829457364,3,183750,7740,"SPX","*SPX DC--5/7 DTE--Fri--v1.1.1",15,15,0.48,0.222,15.96,18.64,9.99,-13.6,28.68,-9.69
"2024-09-20","14:15:00",5692.34,"6 Sep 25 5660 P STO 14.55 | 6 Sep 25 5735 C STO 9.60 | 6 Sep 27 5660 P BTO 21.75 | 6 Sep 27 5735 C BTO 17.00",-1470,5733.31,"2024-09-25","10:46:00",5,-1695,"Short/Long Ratio Move Down",1290,14.625850340136054,6,181605,8820,"SPX","*SPX DC--5/7 DTE--Fri--v1.1.1",30,30,0.623,0.306,16.35,15.24,-4,-17.3,21.77,-2.72
"2024-09-13","14:15:00",5630.68,"6 Sep 18 5585 P STO 20.25 | 6 Sep 18 5690 C STO 11.45 | 6 Sep 20 5585 P BTO 26.80 | 6 Sep 20 5690 C BTO 19.05",-1425,5656.95,"2024-09-18","14:09:00",5,-2550,"Short/Long Ratio Move Down",6690,78.24561403508771,6,180315,8550,"SPX","*SPX DC--5/7 DTE--Fri--v1.1.1",30,30,0.691,0.341,16.42,17.92,7.58,27.34,80,-3.16
"2024-09-06","14:15:00",5408.14,"4 Sep 11 5350 P STO 23.55 | 4 Sep 11 5485 C STO 14.80 | 4 Sep 13 5350 P BTO 34.30 | 4 Sep 13 5485 C BTO 23.80",-1985,5466.04,"2024-09-11","09:44:00",5,-2180,"Short/Long Ratio Move Down",740,9.319899244332493,4,173625,7940,"SPX","*SPX DC--5/7 DTE--Fri--v1.1.1",20,20,0.66,0.33,22.68,19.32,3.92,-99.19,25.44,-8.31
"2024-08-23","14:15:00",5619.8,"3 Aug 28 5590 P STO 13.90 | 3 Aug 28 5665 C STO 8.00 | 3 Aug 30 5590 P BTO 25.10 | 3 Aug 30 5665 C BTO 20.55",-2385,5618.83,"2024-08-27","10:25:00",4,-2880,"Short/Long Ratio Move Down",1455,20.335429769392032,3,172885,7155,"SPX","*SPX DC--5/7 DTE--Fri--v1.1.1",15,15,0.48,0.24,16.14,16.09,31.85,17.31,21.38,-1.05
"2024-08-16","14:15:00",5551.74,"4 Aug 21 5520 P STO 14.40 | 4 Aug 21 5595 C STO 8.70 | 4 Aug 23 5520 P BTO 22.90 | 4 Aug 23 5595 C BTO 18.55",-1845,5631.76,"2024-08-21","10:43:00",5,-2090,"Below Delta",940,12.737127371273713,4,171430,7380,"SPX","*SPX DC--5/7 DTE--Fri--v1.1.1",20,20,0.557,0.644,15.09,16.02,-12.72,21.24,50.41,-1.36
"2024-08-09","14:15:00",5336.16,"4 Aug 14 5275 P STO 25.05 | 4 Aug 14 5410 C STO 14.95 | 4 Aug 16 5275 P BTO 34.70 | 4 Aug 16 5410 C BTO 23.35",-1815,5450.73,"2024-08-14","11:33:00",5,-1490,"Below Delta",-1340,-18.457300275482094,4,170490,7260,"SPX","*SPX DC--5/7 DTE--Fri--v1.1.1",20,20,0.689,0.739,21.4,16.53,-4.65,21.5,26.72,-17.08
"2024-08-02","14:15:00",5314.92,"4 Aug 7 5240 P STO 30.50 | 4 Aug 7 5415 C STO 19.90 | 4 Aug 9 5240 P BTO 41.65 | 4 Aug 9 5415 C BTO 28.65",-2000,5298.82,"2024-08-06","13:57:00",4,-2365,"Short/Long Ratio Move Down",1420,17.75,4,171830,8000,"SPX","*SPX DC--5/7 DTE--Fri--v1.1.1",20,20,0.717,0.355,26.86,24.13,-70.05,-61.71,24.5,-50.75
"2024-07-26","14:15:00",5467.94,"4 Jul 31 5415 P STO 20.20 | 4 Jul 31 5535 C STO 13.65 | 4 Aug 2 5415 P BTO 29.90 | 4 Aug 2 5535 C BTO 24.30",-2045,5501.78,"2024-07-31","09:32:00",5,-2875,"Short/Long Ratio Move Down",3280,40.09779951100245,4,170410,8180,"SPX","*SPX DC--5/7 DTE--Fri--v1.1.1",20,20,0.625,0.234,16.81,16.45,34.45,34.27,41.32,-8.8
"2024-07-19","14:15:00",5511.24,"6 Jul 24 5475 P STO 16.85 | 6 Jul 24 5565 C STO 11.10 | 6 Jul 26 5475 P BTO 23.35 | 6 Jul 26 5565 C BTO 18.30",-1380,5506.54,"2024-07-24","09:32:00",5,-1600,"Short/Long Ratio Move Down",1260,15.217391304347828,6,167130,8280,"SPX","*SPX DC--5/7 DTE--Fri--v1.1.1",30,30,0.671,0.184,16.71,15.41,-1.22,-32.13,17.03,-9.06
"2024-07-12","14:15:00",5651.1,"7 Jul 17 5625 P STO 10.15 | 7 Jul 17 5690 C STO 7.10 | 7 Jul 19 5625 P BTO 14.90 | 7 Jul 19 5690 C BTO 13.60",-1135,5651.83,"2024-07-16","14:12:00",4,-1535,"Short/Long Ratio Move Down",2730,34.36123348017621,7,165870,7945,"SPX","*SPX DC--5/7 DTE--Fri--v1.1.1",35,35,0.605,0.3,12.24,13.06,6.22,60.34,37.89,-28.19
"2024-07-05","14:15:00",5562.71,"4 Jul 10 5540 P STO 10.20 | 4 Jul 10 5595 C STO 6.30 | 4 Jul 12 5540 P BTO 18.30 | 4 Jul 12 5595 C BTO 16.35",-1825,5580.88,"2024-07-09","12:49:00",4,-2110,"Short/Long Ratio Move Down",1100,15.068493150684931,4,163140,7300,"SPX","*SPX DC--5/7 DTE--Fri--v1.1.1",20,20,0.476,0.238,12.53,12.5,0.89,24.8,17.53,-1.92
"2024-06-21","14:15:00",5463.66,"5 Jun 26 5440 P STO 11.70 | 5 Jun 26 5500 C STO 8.00 | 5 Jun 28 5440 P BTO 19.00 | 5 Jun 28 5500 C BTO 16.30",-1570,5459.18,"2024-06-25","13:41:00",4,-1590,"Short/Long Ratio Move Down",50,0.6369426751592357,5,162040,7850,"SPX","*SPX DC--5/7 DTE--Fri--v1.1.1",25,25,0.558,0.279,13.2,13.16,-6.4,-3.11,8.28,-4.14
"2024-06-07","14:15:00",5343.09,"8 Jun 12 5305 P STO 17.50 | 8 Jun 12 5400 C STO 10.95 | 8 Jun 14 5305 P BTO 21.70 | 8 Jun 14 5400 C BTO 15.60",-895,5431.6,"2024-06-12","15:00:00",5,-1070,"Exited at Specified Time",1320,18.435754189944134,8,161990,7160,"SPX","*SPX DC--5/7 DTE--Fri--v1.1.1",40,40,0.763,0.755,12.45,12.19,-9.15,-0.72,43.58,-28.49
"2024-05-31","14:15:00",5217.48,"4 Jun 5 5190 P STO 13.50 | 4 Jun 5 5260 C STO 8.80 | 4 Jun 7 5190 P BTO 21.30 | 4 Jun 7 5260 C BTO 17.20",-1630,5313.43,"2024-06-05","09:32:00",5,-1070,"Below Delta",-2280,-34.96932515337423,4,160670,6520,"SPX","*SPX DC--5/7 DTE--Fri--v1.1.1",20,20,0.579,0.829,14.2,12.97,7.73,-25.73,32.82,-33.44
"2024-05-17","14:15:00",5288.62,"4 May 22 5265 P STO 8.30 | 4 May 22 5320 C STO 5.95 | 4 May 24 5265 P BTO 15.70 | 4 May 24 5320 C BTO 15.80",-1735,5307.83,"2024-05-21","12:10:00",4,-2355,"Short/Long Ratio Move Down",2440,35.158501440922194,4,162950,6940,"SPX","*SPX DC--5/7 DTE--Fri--v1.1.1",20,20,0.452,0.224,12.22,12.18,6,-14.48,36.89,-2.02
"2024-05-10","14:15:00",5220.68,"9 May 15 5185 P STO 14.60 | 9 May 15 5265 C STO 10.15 | 9 May 17 5185 P BTO 18.15 | 9 May 17 5265 C BTO 14.60",-810,5291.85,"2024-05-15","11:35:00",5,-1055,"Below Delta",2115,29.01234567901235,9,160510,7290,"SPX","*SPX DC--5/7 DTE--Fri--v1.1.1",45,45,0.756,0.725,12.69,12.65,11.41,-4.81,70.37,-8.64
"2024-05-03","14:15:00",5131.66,"6 May 8 5100 P STO 13.00 | 6 May 8 5175 C STO 8.40 | 6 May 10 5100 P BTO 19.10 | 6 May 10 5175 C BTO 14.80",-1260,5168.39,"2024-05-08","09:33:00",5,-1490,"Short/Long Ratio Move Down",1320,17.46031746031746,6,158395,7560,"SPX","*SPX DC--5/7 DTE--Fri--v1.1.1",30,30,0.631,0.31,13.82,13.45,58.58,8.88,19.44,-19.44
"2024-04-26","14:15:00",5107.8,"4 May 1 5070 P STO 16.60 | 4 May 1 5160 C STO 10.60 | 4 May 3 5070 P BTO 24.70 | 4 May 3 5160 C BTO 19.60",-1720,5082.1,"2024-05-01","14:51:00",5,-2020,"Short/Long Ratio Move Down",1160,16.86046511627907,4,157075,6880,"SPX","*SPX DC--5/7 DTE--Fri--v1.1.1",20,20,0.614,0.295,15.1,14.73,36.23,23.15,23.84,-40.7
"2024-04-19","14:15:00",4977.97,"4 Apr 24 4935 P STO 19.25 | 4 Apr 24 5040 C STO 13.05 | 4 Apr 26 4935 P BTO 27.65 | 4 Apr 26 5040 C BTO 21.65",-1710,5079.94,"2024-04-24","09:32:00",5,-1505,"Below Delta",-860,-12.573099415204677,4,155915,6840,"SPX","*SPX DC--5/7 DTE--Fri--v1.1.1",20,20,0.655,0.725,18.66,15.91,-5.68,-27.47,12.57,-11.11
"2024-04-12","14:15:00",5125.31,"5 Apr 17 5075 P STO 21.55 | 5 Apr 17 5190 C STO 13.60 | 5 Apr 19 5075 P BTO 28.10 | 5 Apr 19 5190 C BTO 20.40",-1345,5028.3,"2024-04-17","11:35:00",5,-915,"Above Delta",-2200,-32.71375464684015,5,156775,6725,"SPX","*SPX DC--5/7 DTE--Fri--v1.1.1",25,25,0.725,0.839,18.01,18.63,-27.55,-46.2,24.54,-33.83
"2024-04-05","14:15:00",5204.32,"6 Apr 10 5160 P STO 18.85 | 6 Apr 10 5260 C STO 11.95 | 6 Apr 12 5160 P BTO 24.75 | 6 Apr 12 5260 C BTO 18.15",-1220,5177.75,"2024-04-10","10:39:00",5,-1500,"Short/Long Ratio Move Down",1620,22.131147540983605,6,158975,7320,"SPX","*SPX DC--5/7 DTE--Fri--v1.1.1",30,30,0.718,0.34,16.2,15.41,11.74,45.37,27.46,-2.87
"2024-03-15","14:15:00",5114.6,"7 Mar 20 5075 P STO 17.30 | 7 Mar 20 5170 C STO 12.45 | 7 Mar 22 5075 P BTO 22.50 | 7 Mar 22 5170 C BTO 18.30",-1115,5214.74,"2024-03-20","14:50:00",5,-1055,"Below Delta",-490,-6.278026905829597,7,157355,7805,"SPX","*SPX DC--5/7 DTE--Fri--v1.1.1",35,35,0.729,0.811,15,13.36,-27.17,-8.71,47.09,-6.73
"2024-03-08","14:15:00",5130.63,"6 Mar 13 5090 P STO 15.20 | 6 Mar 13 5185 C STO 11.05 | 6 Mar 15 5090 P BTO 20.95 | 6 Mar 15 5185 C BTO 16.90",-1170,5153.04,"2024-03-12","12:38:00",4,-1350,"Short/Long Ratio Move Down",1020,14.529914529914532,6,157845,7020,"SPX","*SPX DC--5/7 DTE--Fri--v1.1.1",30,30,0.694,0.337,15.15,14.11,7.1,-33.83,20.09,-7.26
"2024-03-01","14:15:00",5137.91,"6 Mar 6 5110 P STO 12.10 | 6 Mar 6 5180 C STO 7.90 | 6 Mar 8 5110 P BTO 18.10 | 6 Mar 8 5180 C BTO 14.60",-1280,5113.92,"2024-03-06","11:01:00",5,-1780,"Short/Long Ratio Move Down",2940,38.28125,6,156825,7680,"SPX","*SPX DC--5/7 DTE--Fri--v1.1.1",30,30,0.612,0.295,13.41,14.13,2.24,39.4,40.23,-51.56
"2024-02-23","14:15:00",5090.83,"6 Feb 28 5065 P STO 11.50 | 6 Feb 28 5130 C STO 8.10 | 6 Mar 1 5065 P BTO 17.40 | 6 Mar 1 5130 C BTO 14.40",-1230,5077.64,"2024-02-27","15:50:00",4,-1410,"Short/Long Ratio Move Down",1020,13.821138211382115,6,153885,7380,"SPX","*SPX DC--5/7 DTE--Fri--v1.1.1",30,30,0.616,0.305,13.87,13.49,13.89,-10.09,16.26,-5.69
"2024-02-09","14:15:00",5023.12,"8 Feb 14 4995 P STO 12.10 | 8 Feb 14 5065 C STO 7.80 | 8 Feb 16 4995 P BTO 16.20 | 8 Feb 16 5065 C BTO 12.60",-900,4949.09,"2024-02-13","13:50:00",4,-515,"Above Delta",-3160,-43.888888888888886,8,152865,7200,"SPX","*SPX DC--5/7 DTE--Fri--v1.1.1",40,40,0.691,0.901,12.8,15.16,6.26,18.95,19.44,-51.67
"2024-02-02","14:15:00",4965.47,"6 Feb 7 4935 P STO 11.90 | 6 Feb 7 5005 C STO 9.20 | 6 Feb 9 4935 P BTO 17.20 | 6 Feb 9 5005 C BTO 15.20",-1140,4951.62,"2024-02-06","15:56:00",4,-1175,"Short/Long Ratio Move Down",150,2.1929824561403506,6,156025,6840,"SPX","*SPX DC--5/7 DTE--Fri--v1.1.1",30,30,0.651,0.31,14.12,13.15,9.87,49.41,10.09,-32.02
"2024-01-26","14:15:00",4888.12,"4 Jan 31 4855 P STO 12.30 | 4 Jan 31 4935 C STO 8.80 | 4 Feb 2 4855 P BTO 18.50 | 4 Feb 2 4940 C BTO 14.40",-1190,4900.9,"2024-01-31","09:32:00",5,-1670,"Short/Long Ratio Move Down",1880,39.49579831932773,4,155875,6760,"SPX","*SPX DC--5/7 DTE--Fri--v1.1.1",20,20,0.641,0.231,13.3,13.26,-5.25,-0.79,41.6,-0.84
"2024-01-19","14:15:00",4838.7,"7 Jan 24 4810 P STO 11.40 | 7 Jan 24 4880 C STO 7.70 | 7 Jan 26 4810 P BTO 15.90 | 7 Jan 26 4880 C BTO 13.10",-1000,4850.56,"2024-01-23","10:34:00",4,-1105,"Short/Long Ratio Move Down",665,9.5,7,153995,7000,"SPX","*SPX DC--5/7 DTE--Fri--v1.1.1",35,35,0.659,0.329,13.75,13.03,15.34,42.42,17.5,-7.5
"2024-01-05","14:15:00",4704.07,"5 Jan 10 4680 P STO 10.60 | 5 Jan 10 4740 C STO 7.80 | 5 Jan 12 4680 P BTO 17.10 | 5 Jan 12 4740 C BTO 15.50",-1430,4764.1,"2024-01-10","09:32:00",5,-1365,"Below Delta",-375,-5.244755244755245,5,153330,7150,"SPX","*SPX DC--5/7 DTE--Fri--v1.1.1",25,25,0.564,0.642,13.37,12.71,1.89,13.5,19.93,-10.84
"2023-12-15","14:15:00",4707.78,"8 Dec 20 4685 P STO 9.55 | 8 Dec 20 4740 C STO 7.30 | 8 Dec 22 4685 P BTO 13.05 | 8 Dec 22 4740 C BTO 12.60",-890,4764.92,"2023-12-20","09:45:00",5,-915,"Below Delta",120,1.6853932584269662,8,153705,7120,"SPX","*SPX DC--5/7 DTE--Fri--v1.1.1",40,40,0.657,0.74,12.45,12.36,-5.32,-6.45,24.16,-8.99
"2023-12-08","14:15:00",4599.29,"9 Dec 13 4570 P STO 13.10 | 9 Dec 13 4645 C STO 9.05 | 9 Dec 15 4570 P BTO 16.80 | 9 Dec 15 4645 C BTO 13.10",-785,4676.8,"2023-12-13","14:22:00",5,-845,"Below Delta",450,6.369426751592357,9,153585,7065,"SPX","*SPX DC--5/7 DTE--Fri--v1.1.1",45,45,0.741,0.795,12.46,12.23,-9.39,23.09,54.78,-1.27
"2023-12-01","14:15:00",4589.82,"6 Dec 6 4565 P STO 10.35 | 6 Dec 6 4630 C STO 6.95 | 6 Dec 8 4565 P BTO 15.80 | 6 Dec 8 4630 C BTO 12.90",-1150,4590.18,"2023-12-06","09:32:00",5,-1420,"Short/Long Ratio Move Down",1560,22.608695652173914,6,153135,6900,"SPX","*SPX DC--5/7 DTE--Fri--v1.1.1",30,30,0.603,0.1,12.66,12.76,-8.37,30.39,24.78,-20
"2023-11-10","14:15:00",4406.76,"7 Nov 15 4375 P STO 12.15 | 7 Nov 15 4445 C STO 8.85 | 7 Nov 17 4375 P BTO 17.15 | 7 Nov 17 4445 C BTO 14.20",-1045,4499.83,"2023-11-14","10:35:00",4,-690,"Below Delta",-2555,-34.92822966507177,7,151575,7315,"SPX","*SPX DC--5/7 DTE--Fri--v1.1.1",35,35,0.67,0.89,14.46,14.28,16.8,42.61,11.96,-32.54
"2023-11-03","14:15:00",4365.67,"6 Nov 8 4335 P STO 12.10 | 6 Nov 8 4405 C STO 8.40 | 6 Nov 10 4335 P BTO 17.60 | 6 Nov 10 4405 C BTO 13.80",-1100,4365.14,"2023-11-07","09:56:00",4,-1165,"Short/Long Ratio Move Down",330,5,6,154130,6600,"SPX","*SPX DC--5/7 DTE--Fri--v1.1.1",30,30,0.653,0.326,15.42,14.93,16.45,31.44,11.36,-4.09
"2023-10-27","14:15:00",4114.06,"4 Nov 1 4065 P STO 19.15 | 4 Nov 1 4175 C STO 14.25 | 4 Nov 3 4065 P BTO 27.65 | 4 Nov 3 4175 C BTO 22.50",-1685,4226.87,"2023-11-01","10:45:00",5,-1225,"Below Delta",-1880,-27.89317507418398,4,153800,6740,"SPX","*SPX DC--5/7 DTE--Fri--v1.1.1",20,20,0.666,0.814,21.68,17.15,15.7,-38.87,11.57,-27.6
"2023-10-20","14:15:00",4243.95,"5 Oct 25 4200 P STO 17.75 | 5 Oct 25 4300 C STO 11.70 | 5 Oct 27 4200 P BTO 25.25 | 5 Oct 27 4300 C BTO 18.90",-1480,4242.8,"2023-10-24","11:49:00",4,-1665,"Short/Long Ratio Move Down",875,11.824324324324325,5,155680,7400,"SPX","*SPX DC--5/7 DTE--Fri--v1.1.1",25,25,0.667,0.332,21.06,19.58,-4.15,-29.9,14.19,-14.19
"2023-10-13","14:15:00",4327.34,"5 Oct 18 4285 P STO 18.05 | 5 Oct 18 4380 C STO 10.90 | 5 Oct 20 4285 P BTO 24.85 | 5 Oct 20 4380 C BTO 17.85",-1385,4357.1,"2023-10-17","15:03:00",4,-1785,"Short/Long Ratio Move Down",1950,28.158844765342963,5,154805,6925,"SPX","*SPX DC--5/7 DTE--Fri--v1.1.1",25,25,0.678,0.331,20.02,18.34,10.88,-33.15,29.96,-7.94
"2023-10-06","14:15:00",4310.81,"4 Oct 11 4275 P STO 14.95 | 4 Oct 11 4360 C STO 9.45 | 4 Oct 13 4275 P BTO 22.60 | 4 Oct 13 4360 C BTO 17.10",-1540,4357.01,"2023-10-11","11:19:00",5,-1980,"Short/Long Ratio Move Down",1720,27.92207792207792,4,152855,6160,"SPX","*SPX DC--5/7 DTE--Fri--v1.1.1",20,20,0.615,0.306,17.47,16.63,-23.4,76.02,32.79,-5.19
"2023-09-29","14:15:00",4279.82,"5 Oct 4 4240 P STO 16.40 | 5 Oct 4 4330 C STO 10.75 | 5 Oct 6 4240 P BTO 22.40 | 5 Oct 6 4330 C BTO 17.05",-1240,4242.39,"2023-10-04","11:21:00",5,-1735,"Short/Long Ratio Move Down",2425,39.11290322580645,5,151135,6200,"SPX","*SPX DC--5/7 DTE--Fri--v1.1.1",25,25,0.688,0.342,17.48,19.13,28.48,-48.36,41.94,-52.42
"2023-09-22","14:15:00",4325.49,"5 Sep 27 4290 P STO 15.10 | 5 Sep 27 4370 C STO 9.25 | 5 Sep 29 4290 P BTO 22.50 | 5 Sep 29 4370 C BTO 16.50",-1475,4256.15,"2023-09-27","12:06:00",5,-1190,"Above Delta",-1475,-20,5,148710,7375,"SPX","*SPX DC--5/7 DTE--Fri--v1.1.1",25,25,0.624,0.743,16.95,19.25,11.74,-16.25,19.66,-18.31
"2023-09-15","14:15:00",4451.05,"7 Sep 20 4420 P STO 10.65 | 7 Sep 20 4490 C STO 7.60 | 7 Sep 22 4420 P BTO 15.30 | 7 Sep 22 4490 C BTO 12.60",-975,4451.68,"2023-09-20","09:32:00",5,-1275,"Short/Long Ratio Move Down",2030,29.743589743589745,7,150185,6825,"SPX","*SPX DC--5/7 DTE--Fri--v1.1.1",35,35,0.654,0.317,14.07,14.07,-7.12,-46.93,32.31,-5.64
"2023-09-08","14:15:00",4454.79,"7 Sep 13 4425 P STO 10.10 | 7 Sep 13 4495 C STO 7.25 | 7 Sep 15 4425 P BTO 14.70 | 7 Sep 15 4495 C BTO 11.70",-915,4471.58,"2023-09-13","09:32:00",5,-1190,"Short/Long Ratio Move Down",1855,28.96174863387978,7,148155,6405,"SPX","*SPX DC--5/7 DTE--Fri--v1.1.1",35,35,0.657,0.22,13.9,13.85,0.16,3.49,36.07,-3.83
"2023-08-25","14:15:00",4398.02,"6 Aug 30 4365 P STO 13.80 | 6 Aug 30 4440 C STO 9.70 | 6 Sep 1 4365 P BTO 19.60 | 6 Sep 1 4440 C BTO 16.00",-1220,4489.52,"2023-08-29","12:31:00",4,-855,"Below Delta",-2250,-30.737704918032787,6,146300,7320,"SPX","*SPX DC--5/7 DTE--Fri--v1.1.1",30,30,0.66,0.856,15.92,14.49,13.07,8.64,18.03,-29.92
"2023-08-18","14:15:00",4365.25,"4 Aug 23 4330 P STO 15.10 | 4 Aug 23 4415 C STO 9.60 | 4 Aug 25 4330 P BTO 23.30 | 4 Aug 25 4415 C BTO 18.20",-1690,4388.94,"2023-08-22","12:14:00",4,-2045,"Short/Long Ratio Move Down",1380,20.414201183431953,4,148550,6760,"SPX","*SPX DC--5/7 DTE--Fri--v1.1.1",20,20,0.595,0.287,17.57,17.47,-25.48,20.37,21.89,-2.66
"2023-08-11","14:15:00",4461.17,"6 Aug 16 4425 P STO 12.60 | 6 Aug 16 4505 C STO 8.40 | 6 Aug 18 4425 P BTO 18.15 | 6 Aug 18 4505 C BTO 13.90",-1115,4461.57,"2023-08-15","12:01:00",4,-1285,"Short/Long Ratio Move Down",960,14.349775784753364,6,147170,6690,"SPX","*SPX DC--5/7 DTE--Fri--v1.1.1",30,30,0.655,0.326,15.38,15.6,-18.14,10.48,20.18,-3.14
"2023-08-04","14:15:00",4508.67,"5 Aug 9 4480 P STO 10.55 | 5 Aug 9 4545 C STO 7.30 | 5 Aug 11 4480 P BTO 17.45 | 5 Aug 11 4545 C BTO 14.10",-1380,4498.1,"2023-08-08","15:28:00",4,-1615,"Short/Long Ratio Move Down",1125,16.304347826086957,5,146210,6900,"SPX","*SPX DC--5/7 DTE--Fri--v1.1.1",25,25,0.566,0.279,15.4,16.13,12.07,-5.29,18.48,-7.61
"2023-07-28","14:15:00",4576.75,"6 Aug 2 4550 P STO 9.20 | 6 Aug 2 4610 C STO 7.35 | 6 Aug 4 4550 P BTO 14.50 | 6 Aug 4 4610 C BTO 13.50",-1155,4577.08,"2023-08-01","10:42:00",4,-1360,"Short/Long Ratio Move Down",1170,16.883116883116884,6,145085,6930,"SPX","*SPX DC--5/7 DTE--Fri--v1.1.1",30,30,0.591,0.295,13.73,14.03,28.34,11,19.48,-8.23
"2023-07-21","14:15:00",4545.28,"7 Jul 26 4515 P STO 11.30 | 7 Jul 26 4585 C STO 8.70 | 7 Jul 28 4515 P BTO 15.70 | 7 Jul 28 4585 C BTO 13.70",-950,4558.11,"2023-07-26","09:35:00",5,-1270,"Short/Long Ratio Move Down",2170,32.631578947368425,7,143915,6650,"SPX","*SPX DC--5/7 DTE--Fri--v1.1.1",35,35,0.68,0.334,13.52,14.03,15.29,-4.88,35.26,-3.68
"2023-07-14","14:15:00",4515.75,"7 Jul 19 4490 P STO 8.80 | 7 Jul 19 4550 C STO 6.90 | 7 Jul 21 4490 P BTO 13.05 | 7 Jul 21 4550 C BTO 12.05",-950,4571.12,"2023-07-19","09:32:00",5,-975,"Below Delta",105,1.5789473684210527,7,141745,6650,"SPX","*SPX DC--5/7 DTE--Fri--v1.1.1",35,35,0.625,0.693,13.32,13.18,4.57,1.14,20,-9.47
"2023-07-07","14:15:00",4431.56,"8 Jul 12 4405 P STO 10.00 | 8 Jul 12 4470 C STO 7.20 | 8 Jul 14 4405 P BTO 14.10 | 8 Jul 14 4470 C BTO 11.60",-860,4467.58,"2023-07-12","11:41:00",5,-1270,"Short/Long Ratio Move Down",3200,46.51162790697674,8,141640,6880,"SPX","*SPX DC--5/7 DTE--Fri--v1.1.1",40,40,0.669,0.334,14.49,13.87,-7.05,27.02,49.42,-22.09
"2023-06-23","14:15:00",4356.86,"7 Jun 28 4335 P STO 9.40 | 7 Jun 28 4390 C STO 7.30 | 7 Jun 30 4335 P BTO 13.40 | 7 Jun 30 4390 C BTO 12.35",-915,4364.52,"2023-06-27","13:07:00",4,-1185,"Short/Long Ratio Move Down",1820,28.415300546448087,7,138440,6405,"SPX","*SPX DC--5/7 DTE--Fri--v1.1.1",35,35,0.649,0.324,13.05,13.66,-27.72,2.69,37.16,-12.02
"2023-06-09","14:15:00",4307.12,"8 Jun 14 4275 P STO 11.50 | 8 Jun 14 4345 C STO 9.10 | 8 Jun 16 4275 P BTO 15.20 | 8 Jun 16 4345 C BTO 13.45",-815,4364.72,"2023-06-14","15:00:00",5,-1285,"Exited at Specified Time",3680,56.44171779141104,8,136620,6520,"SPX","*SPX DC--5/7 DTE--Fri--v1.1.1",40,40,0.719,0.636,13.81,14.25,10.95,2.24,73.01,-9.2
"2023-06-02","14:15:00",4278.73,"5 Jun 7 4255 P STO 10.30 | 5 Jun 7 4315 C STO 6.90 | 5 Jun 9 4255 P BTO 14.50 | 5 Jun 9 4320 C BTO 10.10",-750,4276.5,"2023-06-06","14:28:00",4,-880,"Short/Long Ratio Move Down",600,16,5,132940,6250,"SPX","*SPX DC--5/7 DTE--Fri--v1.1.1",25,25,0.699,0.347,14.67,14.2,19.99,37.72,21.33,-4
"2023-05-19","14:15:00",4184.43,"5 May 24 4150 P STO 12.30 | 5 May 24 4225 C STO 8.00 | 5 May 26 4150 P BTO 17.40 | 5 May 26 4225 C BTO 13.85",-1105,4182.53,"2023-05-23","11:03:00",4,-1155,"Short/Long Ratio Move Down",200,3.619909502262444,5,132340,5525,"SPX","*SPX DC--5/7 DTE--Fri--v1.1.1",25,25,0.65,0.32,17.23,17.67,6.1,-19.72,13.12,-7.24
"2023-05-12","14:15:00",4099.88,"5 May 17 4065 P STO 13.30 | 5 May 17 4140 C STO 8.00 | 5 May 19 4065 P BTO 19.10 | 5 May 19 4140 C BTO 13.30",-1120,4121.62,"2023-05-16","13:44:00",4,-1245,"Short/Long Ratio Move Down",575,10.267857142857142,5,132140,5600,"SPX","*SPX DC--5/7 DTE--Fri--v1.1.1",25,25,0.657,0.328,17.76,17.65,7.92,-38.66,18.3,-4.46
"2023-05-05","14:15:00",4129.78,"6 May 10 4095 P STO 13.40 | 6 May 10 4170 C STO 9.00 | 6 May 12 4095 P BTO 19.10 | 6 May 12 4170 C BTO 13.80",-1060,4152.35,"2023-05-10","09:32:00",5,-1335,"Short/Long Ratio Move Down",1590,25,6,131565,6360,"SPX","*SPX DC--5/7 DTE--Fri--v1.1.1",30,30,0.681,0.278,17.11,16.53,23.51,45.05,27.36,-2.83
"2023-04-28","14:15:00",4159.42,"5 May 3 4125 P STO 15.20 | 5 May 3 4205 C STO 10.00 | 5 May 5 4125 P BTO 21.40 | 5 May 5 4205 C BTO 15.60",-1190,4145.58,"2023-05-03","14:41:00",5,-1560,"Short/Long Ratio Move Down",1800,30.252100840336134,5,129975,5950,"SPX","*SPX DC--5/7 DTE--Fri--v1.1.1",25,25,0.681,0.331,16.14,17.31,-5.72,29.79,42.02,-16.81
"2023-04-21","14:15:00",4137.17,"5 Apr 26 4110 P STO 11.95 | 5 Apr 26 4175 C STO 6.80 | 5 Apr 28 4110 P BTO 17.95 | 5 Apr 28 4175 C BTO 12.60",-1190,4079.92,"2023-04-26","09:51:00",5,-820,"Above Delta",-1900,-31.932773109243694,5,128175,5950,"SPX","*SPX DC--5/7 DTE--Fri--v1.1.1",25,25,0.614,0.788,16.68,18.68,2.35,5.03,11.76,-36.97
"2023-04-14","14:15:00",4125.26,"6 Apr 19 4095 P STO 10.70 | 6 Apr 19 4165 C STO 7.20 | 6 Apr 21 4095 P BTO 15.90 | 6 Apr 21 4165 C BTO 12.50",-1060,4136.12,"2023-04-19","09:32:00",5,-1345,"Short/Long Ratio Move Down",1650,25.943396226415093,6,130075,6360,"SPX","*SPX DC--5/7 DTE--Fri--v1.1.1",30,30,0.63,0.123,17.41,16.82,-6.11,-14.85,28.3,-5.19
"2023-03-24","14:15:00",3956.47,"4 Mar 29 3905 P STO 20.05 | 4 Mar 29 4015 C STO 11.95 | 4 Mar 31 3905 P BTO 28.45 | 4 Mar 31 4015 C BTO 19.45",-1600,3968.26,"2023-03-28","09:32:00",4,-1660,"Short/Long Ratio Move Down",200,3.125,4,128425,6400,"SPX","*SPX DC--5/7 DTE--Fri--v1.1.1",20,20,0.668,0.329,22.16,20.99,-9.51,17.26,7.5,-6.25
"2023-03-17","14:15:00",3914.66,"4 Mar 22 3845 P STO 26.35 | 4 Mar 22 3995 C STO 16.75 | 4 Mar 24 3845 P BTO 34.20 | 4 Mar 24 3995 C BTO 23.25",-1445,4001.2,"2023-03-22","15:00:00",5,-2170,"Exited at Specified Time",2860,49.48096885813148,4,128225,5780,"SPX","*SPX DC--5/7 DTE--Fri--v1.1.1",20,20,0.75,0.423,25.2,20.73,-1.59,-44.03,51.21,-2.42
"2023-03-10","14:15:00",3865.97,"4 Mar 15 3795 P STO 26.45 | 4 Mar 15 3945 C STO 17.95 | 4 Mar 17 3795 P BTO 34.25 | 4 Mar 17 3945 C BTO 24.55",-1450,3906.89,"2023-03-14","13:09:00",4,-1825,"Short/Long Ratio Move Down",1460,25.17241379310345,4,125365,5800,"SPX","*SPX DC--5/7 DTE--Fri--v1.1.1",20,20,0.755,0.374,26.54,23.48,-5.55,-46.8,32.07,-12.41
"2023-03-03","14:15:00",4038.84,"3 Mar 8 4000 P STO 15.10 | 3 Mar 8 4090 C STO 10.40 | 3 Mar 10 4000 P BTO 23.10 | 3 Mar 10 4090 C BTO 17.75",-1545,3998.3,"2023-03-08","11:49:00",5,-2270,"Short/Long Ratio Move Down",2145,46.27831715210356,3,123905,4635,"SPX","*SPX DC--5/7 DTE--Fri--v1.1.1",15,15,0.624,0.305,18.7,19.24,16.67,40.82,47.9,-5.5
"2023-02-24","14:15:00",3962.72,"4 Mar 1 3925 P STO 16.10 | 4 Mar 1 4015 C STO 10.40 | 4 Mar 3 3925 P BTO 22.80 | 4 Mar 3 4015 C BTO 16.45",-1285,3979.49,"2023-02-28","11:45:00",4,-1425,"Short/Long Ratio Move Down",520,10.116731517509727,4,121760,5140,"SPX","*SPX DC--5/7 DTE--Fri--v1.1.1",20,20,0.675,0.336,21.82,20.51,-39.08,-10.52,19.84,-3.89
"2023-02-10","14:15:00",4078.4,"5 Feb 15 4020 P STO 23.35 | 5 Feb 15 4150 C STO 16.50 | 5 Feb 17 4020 P BTO 29.75 | 5 Feb 17 4150 C BTO 21.60",-1160,4110.74,"2023-02-14","11:29:00",4,-1495,"Short/Long Ratio Move Down",1625,28.01724137931034,5,121240,5800,"SPX","*SPX DC--5/7 DTE--Fri--v1.1.1",25,25,0.776,0.377,20.96,19.48,-12.58,9.48,40.52,-4.74
"2023-02-03","14:15:00",4141.14,"4 Feb 8 4100 P STO 16.50 | 4 Feb 8 4195 C STO 12.40 | 4 Feb 10 4100 P BTO 22.05 | 4 Feb 10 4200 C BTO 16.15",-940,4141.57,"2023-02-07","14:33:00",4,-1310,"Short/Long Ratio Move Down",1440,38.297872340425535,4,119615,5760,"SPX","*SPX DC--5/7 DTE--Fri--v1.1.1",20,20,0.757,0.36,18.75,18.76,-43.07,4.45,50,-27.13
"2023-01-27","14:15:00",4079.84,"3 Feb 1 4035 P STO 18.00 | 3 Feb 1 4140 C STO 12.00 | 3 Feb 3 4035 P BTO 27.70 | 3 Feb 3 4140 C BTO 21.15",-1895,4067.62,"2023-02-01","14:08:00",5,-2695,"Short/Long Ratio Move Down",2370,41.68865435356201,3,118175,5685,"SPX","*SPX DC--5/7 DTE--Fri--v1.1.1",15,15,0.614,0.286,18.19,19.23,-6.71,26.12,54.09,-8.44
"2023-01-20","14:15:00",3948.93,"4 Jan 25 3915 P STO 14.00 | 4 Jan 25 3995 C STO 8.95 | 4 Jan 27 3915 P BTO 20.15 | 4 Jan 27 3995 C BTO 14.85",-1215,3970.11,"2023-01-25","09:32:00",5,-1800,"Short/Long Ratio Move Down",2300,47.325102880658434,4,115805,4860,"SPX","*SPX DC--5/7 DTE--Fri--v1.1.1",20,20,0.656,0.253,19.78,20.16,10.19,39.89,49.38,-15.23
"2023-01-06","14:15:00",3888.64,"1 Jan 11 3850 P STO 16.00 | 1 Jan 11 3940 C STO 11.50 | 1 Jan 13 3850 P BTO 34.20 | 1 Jan 13 3940 C BTO 29.45",-3625,3899.02,"2023-01-10","09:54:00",4,-4365,"Short/Long Ratio Move Down",730,20.137931034482758,1,113505,3625,"SPX","*SPX DC--5/7 DTE--Fri--v1.1.1",5,5,0.432,0.216,21.32,21.96,15.27,65.27,20.83,-1.66
"2022-12-16","14:15:00",3842.73,"3 Dec 21 3800 P STO 17.95 | 3 Dec 21 3900 C STO 12.60 | 3 Dec 23 3800 P BTO 24.65 | 3 Dec 23 3900 C BTO 19.95",-1415,3831.65,"2022-12-20","13:27:00",4,-1600,"Short/Long Ratio Move Down",525,12.36749116607774,3,112775,4245,"SPX","*SPX DC--5/7 DTE--Fri--v1.1.1",15,15,0.685,0.339,22.91,21.6,-4.84,-48.18,15.19,-13.43
"2022-12-09","14:15:00",3958.33,"5 Dec 14 3885 P STO 28.35 | 5 Dec 14 4050 C STO 20.15 | 5 Dec 16 3885 P BTO 32.90 | 5 Dec 16 4050 C BTO 24.60",-910,3990.08,"2022-12-14","14:09:00",5,-1970,"Short/Long Ratio Move Down",5250,115.38461538461537,5,112250,4550,"SPX","*SPX DC--5/7 DTE--Fri--v1.1.1",25,25,0.843,0.373,22.64,22.98,-9.34,4.16,118.13,-9.89
"2022-12-02","14:15:00",4051.24,"4 Dec 7 4020 P STO 13.00 | 4 Dec 7 4095 C STO 9.10 | 4 Dec 9 4020 P BTO 18.95 | 4 Dec 9 4095 C BTO 14.85",-1180,3952.58,"2022-12-06","10:42:00",4,-710,"Above Delta",-1920,-40.67796610169492,4,107000,4720,"SPX","*SPX DC--5/7 DTE--Fri--v1.1.1",20,20,0.654,0.905,19.37,21.69,-36.4,11.07,16.53,-38.98
"2022-11-11","14:15:00",3990,"3 Nov 16 3940 P STO 19.45 | 3 Nov 16 4050 C STO 13.85 | 3 Nov 18 3940 P BTO 28.15 | 3 Nov 18 4050 C BTO 22.40",-1735,3996.78,"2022-11-15","15:01:00",4,-2310,"Short/Long Ratio Move Down",1695,32.564841498559076,3,108920,5205,"SPX","*SPX DC--5/7 DTE--Fri--v1.1.1",15,15,0.659,0.325,22.59,24.11,7.35,26.28,36.31,-6.63
"2022-11-04","14:15:00",3714.08,"1 Nov 9 3665 P STO 18.80 | 1 Nov 9 3780 C STO 14.80 | 1 Nov 11 3665 P BTO 36.05 | 1 Nov 11 3780 C BTO 30.85",-3340,3784.78,"2022-11-09","13:09:00",5,-4440,"Short/Long Ratio Move Down",1090,32.634730538922156,1,107225,3340,"SPX","*SPX DC--5/7 DTE--Fri--v1.1.1",5,5,0.502,0.242,25.09,25.74,47.09,-52.9,33.38,-44.31
"2022-10-28","14:15:00",3885.58,"2 Nov 2 3825 P STO 23.95 | 2 Nov 2 3970 C STO 17.20 | 2 Nov 4 3825 P BTO 35.15 | 2 Nov 4 3970 C BTO 26.90",-2100,3880.94,"2022-11-02","14:02:00",5,-2735,"Short/Long Ratio Move Down",1250,29.761904761904763,2,106135,4200,"SPX","*SPX DC--5/7 DTE--Fri--v1.1.1",10,10,0.663,0.292,25.98,25.56,0.96,77.32,45.95,-2.62
"2022-10-21","14:15:00",3736.72,"2 Oct 26 3680 P STO 21.25 | 2 Oct 26 3805 C STO 15.85 | 2 Oct 28 3680 P BTO 31.85 | 2 Oct 28 3805 C BTO 26.35",-2120,3857.17,"2022-10-26","10:28:00",5,-1655,"Below Delta",-950,-22.40566037735849,2,104885,4240,"SPX","*SPX DC--5/7 DTE--Fri--v1.1.1",10,10,0.637,0.765,29.85,27.5,-8.68,79.62,18.4,-22.64
"2022-10-14","14:15:00",3598.22,"2 Oct 19 3535 P STO 23.85 | 2 Oct 19 3680 C STO 17.50 | 2 Oct 21 3535 P BTO 34.55 | 2 Oct 21 3680 C BTO 27.35",-2065,3681.36,"2022-10-19","12:47:00",5,-2890,"Short/Long Ratio Move Down",1630,39.46731234866828,2,105835,4130,"SPX","*SPX DC--5/7 DTE--Fri--v1.1.1",10,10,0.668,0.32,32.52,31.51,20.5,-92.19,40.68,-34.38
"2022-10-07","14:15:00",3647.3,"1 Oct 12 3590 P STO 21.95 | 1 Oct 12 3720 C STO 16.30 | 1 Oct 14 3590 P BTO 38.15 | 1 Oct 14 3720 C BTO 31.05",-3105,3623.04,"2022-10-11","11:48:00",4,-4090,"Short/Long Ratio Move Down",975,31.40096618357488,1,104205,3105,"SPX","*SPX DC--5/7 DTE--Fri--v1.1.1",5,5,0.553,0.269,31.37,32.46,-37.78,-59.44,32.21,-3.7
"2022-09-30","14:15:00",3625.38,"2 Oct 5 3565 P STO 23.55 | 2 Oct 5 3700 C STO 16.60 | 2 Oct 7 3565 P BTO 34.55 | 2 Oct 7 3700 C BTO 26.70",-2120,3779.67,"2022-10-04","14:48:00",4,-1290,"Below Delta",-1680,-39.62264150943396,2,103230,4240,"SPX","*SPX DC--5/7 DTE--Fri--v1.1.1",10,10,0.656,0.865,31.11,28.84,-6.99,-8.1,19.1,-47.88
"2022-09-23","14:15:00",3660.14,"2 Sep 28 3595 P STO 26.15 | 2 Sep 28 3745 C STO 17.55 | 2 Sep 30 3595 P BTO 39.35 | 2 Sep 30 3745 C BTO 28.95",-2470,3690.51,"2022-09-27","10:39:00",4,-3220,"Short/Long Ratio Move Down",1480,29.959514170040485,2,104910,4940,"SPX","*SPX DC--5/7 DTE--Fri--v1.1.1",10,10,0.64,0.314,31.51,31.18,-30.85,-67,36.23,-5.47
"2022-09-16","14:15:00",3845.47,"2 Sep 21 3780 P STO 25.50 | 2 Sep 21 3930 C STO 17.40 | 2 Sep 23 3780 P BTO 34.95 | 2 Sep 23 3930 C BTO 25.45",-1760,3874.74,"2022-09-21","10:07:00",5,-2830,"Short/Long Ratio Move Down",2120,60.22727272727273,2,103430,3520,"SPX","*SPX DC--5/7 DTE--Fri--v1.1.1",10,10,0.71,0.347,27.39,26.73,-20.4,-35.48,61.65,-1.99
"2022-09-09","14:15:00",4068.25,"3 Sep 14 4015 P STO 19.25 | 3 Sep 14 4130 C STO 13.95 | 3 Sep 16 4015 P BTO 26.25 | 3 Sep 16 4130 C BTO 20.70",-1385,3937.79,"2022-09-13","15:33:00",4,-1110,"Above Delta",-855,-20.577617328519857,3,101310,4155,"SPX","*SPX DC--5/7 DTE--Fri--v1.1.1",15,15,0.707,0.879,22.77,27.15,16.76,45.31,20.22,-18.77
"2022-08-26","14:15:00",4092.26,"3 Aug 31 4040 P STO 19.70 | 3 Aug 31 4155 C STO 13.10 | 3 Sep 2 4040 P BTO 28.70 | 3 Sep 2 4155 C BTO 21.05",-1705,3972.11,"2022-08-30","13:38:00",4,-1110,"Above Delta",-1815,-35.483870967741936,3,102165,5115,"SPX","*SPX DC--5/7 DTE--Fri--v1.1.1",15,15,0.659,0.864,24.28,27.31,-0.38,-106.48,13.49,-34.6
"2022-08-19","14:15:00",4228.7,"2 Aug 24 4190 P STO 15.60 | 2 Aug 24 4275 C STO 11.30 | 2 Aug 26 4190 P BTO 25.70 | 2 Aug 26 4275 C BTO 20.50",-1940,4125.19,"2022-08-23","12:25:00",4,-1125,"Above Delta",-1650,-42.52577319587629,2,103980,3880,"SPX","*SPX DC--5/7 DTE--Fri--v1.1.1",10,10,0.582,0.856,20.73,24.13,-17.43,-37.61,0.52,-41.24
"2022-08-12","14:15:00",4257.33,"3 Aug 17 4220 P STO 13.40 | 3 Aug 17 4300 C STO 10.60 | 3 Aug 19 4220 P BTO 20.55 | 3 Aug 19 4300 C BTO 17.35",-1400,4273.11,"2022-08-17","09:32:00",5,-1875,"Short/Long Ratio Move Down",1395,33.214285714285715,3,105630,4200,"SPX","*SPX DC--5/7 DTE--Fri--v1.1.1",15,15,0.633,0.221,19.21,19.91,17.75,32.31,35,-5.71
"2022-08-05","14:15:00",4131.63,"3 Aug 10 4085 P STO 17.90 | 3 Aug 10 4185 C STO 13.05 | 3 Aug 12 4085 P BTO 24.95 | 3 Aug 12 4185 C BTO 18.90",-1300,4177.76,"2022-08-10","10:21:00",5,-1930,"Short/Long Ratio Move Down",1860,47.69230769230769,3,104235,3900,"SPX","*SPX DC--5/7 DTE--Fri--v1.1.1",15,15,0.706,0.312,21.33,20.24,-36.07,15.76,49.62,-9.62
"2022-07-29","14:15:00",4123.89,"3 Aug 3 4085 P STO 16.35 | 3 Aug 3 4175 C STO 10.80 | 3 Aug 5 4085 P BTO 24.15 | 3 Aug 5 4175 C BTO 17.95",-1505,4111.59,"2022-08-03","09:32:00",5,-2185,"Short/Long Ratio Move Down",2010,44.518272425249165,3,102375,4515,"SPX","*SPX DC--5/7 DTE--Fri--v1.1.1",15,15,0.645,0.233,21.41,23.04,14.9,36.56,46.18,-1.33
"2022-07-22","14:15:00",3940.19,"2 Jul 27 3890 P STO 21.10 | 2 Jul 27 4005 C STO 14.10 | 2 Jul 29 3890 P BTO 32.25 | 2 Jul 29 4005 C BTO 22.50",-1965,3955.79,"2022-07-27","09:32:00",5,-2595,"Short/Long Ratio Move Down",1240,31.552162849872772,2,100365,3930,"SPX","*SPX DC--5/7 DTE--Fri--v1.1.1",10,10,0.643,0.295,23.78,24.17,-0.52,-58.24,32.82,-7.89
"2022-07-15","14:15:00",3854.08,"2 Jul 20 3810 P STO 18.75 | 2 Jul 20 3910 C STO 12.05 | 2 Jul 22 3810 P BTO 28.20 | 2 Jul 22 3910 C BTO 19.90",-1740,3954.44,"2022-07-20","10:34:00",5,-1630,"Below Delta",-240,-6.896551724137931,2,99125,3480,"SPX","*SPX DC--5/7 DTE--Fri--v1.1.1",10,10,0.64,0.737,24.58,23.72,27.62,36.08,32.76,-5.46
"2022-07-08","14:15:00",3901.63,"3 Jul 13 3850 P STO 19.45 | 3 Jul 13 3965 C STO 13.10 | 3 Jul 15 3850 P BTO 27.55 | 3 Jul 15 3965 C BTO 20.25",-1535,3767.06,"2022-07-13","09:32:00",5,-890,"Above Delta",-1965,-42.671009771986974,3,99365,4605,"SPX","*SPX DC--5/7 DTE--Fri--v1.1.1",15,15,0.681,0.904,24.8,28.53,-14.36,13.37,8.79,-41.04
"2022-06-24","14:15:00",3885.9,"2 Jun 29 3830 P STO 20.95 | 2 Jun 29 3955 C STO 14.35 | 2 Jul 1 3830 P BTO 31.10 | 2 Jul 1 3955 C BTO 24.00",-1990,3822.35,"2022-06-29","13:59:00",5,-3045,"Short/Long Ratio Move Down",2090,52.51256281407035,2,101330,3980,"SPX","*SPX DC--5/7 DTE--Fri--v1.1.1",10,10,0.641,0.304,27.05,28.43,26.02,64.15,53.77,-2.01
"2022-06-10","14:15:00",3914.18,"2 Jun 15 3845 P STO 27.45 | 2 Jun 15 3995 C STO 18.85 | 2 Jun 17 3845 P BTO 39.30 | 2 Jun 17 3995 C BTO 28.95",-2205,3715.66,"2022-06-14","15:10:00",4,-1325,"Above Delta",-1780,-40.362811791383216,2,99240,4410,"SPX","*SPX DC--5/7 DTE--Fri--v1.1.1",10,10,0.678,0.909,28.24,32.9,-43.43,-60.21,1.59,-45.12
"2022-06-03","14:15:00",4115.72,"2 Jun 8 4065 P STO 20.85 | 2 Jun 8 4180 C STO 14.45 | 2 Jun 10 4065 P BTO 32.10 | 2 Jun 10 4180 C BTO 23.55",-2045,4120.55,"2022-06-07","11:59:00",4,-2595,"Short/Long Ratio Move Down",1080,26.405867970660147,2,101020,4090,"SPX","*SPX DC--5/7 DTE--Fri--v1.1.1",10,10,0.634,0.317,25.02,25.08,-39.25,-21.85,31.54,-2.44
"2022-05-20","14:15:00",3831.84,"2 May 25 3760 P STO 29.35 | 2 May 25 3925 C STO 20.10 | 2 May 27 3760 P BTO 41.55 | 2 May 27 3925 C BTO 29.20",-2140,3974.71,"2022-05-25","14:28:00",5,-2120,"Below Delta",-60,-1.4018691588785046,2,99940,4280,"SPX","*SPX DC--5/7 DTE--Fri--v1.1.1",10,10,0.699,0.708,31.6,28.87,26.97,-95.92,33.41,-26.64
